Data type,Cancer group/site,Year,Sex,State or Territory,Count,"Age-standardised rate
2001 Australian Standard Population 
(per 100,000)","Age-standardised rate
2023 Australian population 
(per 100,000)",,ICD-10 codes
Incidence,Lip cancer,2007,Males,New South Wales,189,5.5,6.5, ,C00
Incidence,Lip cancer,2007,Males,Victoria,147,5.8,7.0, ,C00
Incidence,Lip cancer,2007,Males,Queensland,137,6.8,8.1, ,C00
Incidence,Lip cancer,2007,Males,Western Australia,84,8.1,9.4, ,C00
Incidence,Lip cancer,2007,Males,South Australia,66,8.0,9.4, ,C00
Incidence,Lip cancer,2007,Males,Tasmania,30,12.0,14.8, ,C00
Incidence,Lip cancer,2007,Males,Australian Capital Territory,3,n.p.,n.p., ,C00
Incidence,Lip cancer,2007,Males,Northern Territory,5,7.4,8.8, ,C00
Incidence,Lip cancer,2007,Males,Australia,665,6.4,7.7, ,C00
Incidence,Lip cancer,2007,Females,New South Wales,73,1.8,2.3, ,C00
Incidence,Lip cancer,2007,Females,Victoria,66,2.1,2.8, ,C00
Incidence,Lip cancer,2007,Females,Queensland,47,2.1,2.7, ,C00
Incidence,Lip cancer,2007,Females,Western Australia,26,2.3,2.9, ,C00
Incidence,Lip cancer,2007,Females,South Australia,26,2.4,2.9, ,C00
Incidence,Lip cancer,2007,Females,Tasmania,15,5.0,5.8, ,C00
Incidence,Lip cancer,2007,Females,Australian Capital Territory,2,n.p.,n.p., ,C00
Incidence,Lip cancer,2007,Females,Northern Territory,0,0.0,0.0, ,C00
Incidence,Lip cancer,2007,Females,Australia,254,2.1,2.7, ,C00
Incidence,Lip cancer,2007,Persons,New South Wales,262,3.6,4.3, ,C00
Incidence,Lip cancer,2007,Persons,Victoria,213,3.9,4.7, ,C00
Incidence,Lip cancer,2007,Persons,Queensland,184,4.4,5.3, ,C00
Incidence,Lip cancer,2007,Persons,Western Australia,110,5.2,6.1, ,C00
Incidence,Lip cancer,2007,Persons,South Australia,92,5.0,6.1, ,C00
Incidence,Lip cancer,2007,Persons,Tasmania,45,8.2,9.7, ,C00
Incidence,Lip cancer,2007,Persons,Australian Capital Territory,5,1.8,2.3, ,C00
Incidence,Lip cancer,2007,Persons,Northern Territory,5,3.9,4.6, ,C00
Incidence,Lip cancer,2007,Persons,Australia,919,4.2,5.0, ,C00
Incidence,Lip cancer,2008,Males,New South Wales,176,5.1,6.1, ,C00
Incidence,Lip cancer,2008,Males,Victoria,120,4.6,5.5, ,C00
Incidence,Lip cancer,2008,Males,Queensland,123,6.0,6.8, ,C00
Incidence,Lip cancer,2008,Males,Western Australia,84,8.0,9.3, ,C00
Incidence,Lip cancer,2008,Males,South Australia,68,7.9,9.2, ,C00
Incidence,Lip cancer,2008,Males,Tasmania,38,13.8,17.1, ,C00
Incidence,Lip cancer,2008,Males,Australian Capital Territory,3,n.p.,n.p., ,C00
Incidence,Lip cancer,2008,Males,Northern Territory,4,n.p.,n.p., ,C00
Incidence,Lip cancer,2008,Males,Australia,616,5.9,6.9, ,C00
Incidence,Lip cancer,2008,Females,New South Wales,72,1.8,2.1, ,C00
Incidence,Lip cancer,2008,Females,Victoria,68,2.2,2.7, ,C00
Incidence,Lip cancer,2008,Females,Queensland,37,1.7,2.0, ,C00
Incidence,Lip cancer,2008,Females,Western Australia,33,2.8,3.6, ,C00
Incidence,Lip cancer,2008,Females,South Australia,28,2.6,3.4, ,C00
Incidence,Lip cancer,2008,Females,Tasmania,15,4.7,5.7, ,C00
Incidence,Lip cancer,2008,Females,Australian Capital Territory,2,n.p.,n.p., ,C00
Incidence,Lip cancer,2008,Females,Northern Territory,0,0.0,0.0, ,C00
Incidence,Lip cancer,2008,Females,Australia,256,2.1,2.6, ,C00
Incidence,Lip cancer,2008,Persons,New South Wales,248,3.3,3.9, ,C00
Incidence,Lip cancer,2008,Persons,Victoria,188,3.4,4.1, ,C00
Incidence,Lip cancer,2008,Persons,Queensland,160,3.8,4.4, ,C00
Incidence,Lip cancer,2008,Persons,Western Australia,117,5.4,6.4, ,C00
Incidence,Lip cancer,2008,Persons,South Australia,96,5.2,6.2, ,C00
Incidence,Lip cancer,2008,Persons,Tasmania,53,9.2,11.2, ,C00
Incidence,Lip cancer,2008,Persons,Australian Capital Territory,5,1.7,2.1, ,C00
Incidence,Lip cancer,2008,Persons,Northern Territory,4,n.p.,n.p., ,C00
Incidence,Lip cancer,2008,Persons,Australia,872,3.9,4.6, ,C00
Incidence,Lip cancer,2009,Males,New South Wales,206,5.7,6.6, ,C00
Incidence,Lip cancer,2009,Males,Victoria,119,4.5,5.4, ,C00
Incidence,Lip cancer,2009,Males,Queensland,154,7.3,8.5, ,C00
Incidence,Lip cancer,2009,Males,Western Australia,75,6.9,8.0, ,C00
Incidence,Lip cancer,2009,Males,South Australia,58,6.7,7.9, ,C00
Incidence,Lip cancer,2009,Males,Tasmania,34,12.2,13.7, ,C00
Incidence,Lip cancer,2009,Males,Australian Capital Territory,4,n.p.,n.p., ,C00
Incidence,Lip cancer,2009,Males,Northern Territory,5,6.0,7.0, ,C00
Incidence,Lip cancer,2009,Males,Australia,657,6.0,7.1, ,C00
Incidence,Lip cancer,2009,Females,New South Wales,73,1.7,2.1, ,C00
Incidence,Lip cancer,2009,Females,Victoria,52,1.6,2.1, ,C00
Incidence,Lip cancer,2009,Females,Queensland,48,2.1,2.6, ,C00
Incidence,Lip cancer,2009,Females,Western Australia,35,3.0,3.5, ,C00
Incidence,Lip cancer,2009,Females,South Australia,19,1.8,2.2, ,C00
Incidence,Lip cancer,2009,Females,Tasmania,11,3.5,4.2, ,C00
Incidence,Lip cancer,2009,Females,Australian Capital Territory,2,n.p.,n.p., ,C00
Incidence,Lip cancer,2009,Females,Northern Territory,1,n.p.,n.p., ,C00
Incidence,Lip cancer,2009,Females,Australia,242,2.0,2.4, ,C00
Incidence,Lip cancer,2009,Persons,New South Wales,279,3.7,4.3, ,C00
Incidence,Lip cancer,2009,Persons,Victoria,171,3.0,3.7, ,C00
Incidence,Lip cancer,2009,Persons,Queensland,202,4.6,5.4, ,C00
Incidence,Lip cancer,2009,Persons,Western Australia,110,4.9,5.6, ,C00
Incidence,Lip cancer,2009,Persons,South Australia,77,4.2,5.0, ,C00
Incidence,Lip cancer,2009,Persons,Tasmania,45,7.8,8.8, ,C00
Incidence,Lip cancer,2009,Persons,Australian Capital Territory,6,1.9,2.3, ,C00
Incidence,Lip cancer,2009,Persons,Northern Territory,6,3.6,4.0, ,C00
Incidence,Lip cancer,2009,Persons,Australia,899,3.9,4.6, ,C00
Incidence,Lip cancer,2010,Males,New South Wales,245,6.7,7.9, ,C00
Incidence,Lip cancer,2010,Males,Victoria,157,5.8,6.9, ,C00
Incidence,Lip cancer,2010,Males,Queensland,162,7.5,8.6, ,C00
Incidence,Lip cancer,2010,Males,Western Australia,112,10.0,11.2, ,C00
Incidence,Lip cancer,2010,Males,South Australia,72,8.5,9.7, ,C00
Incidence,Lip cancer,2010,Males,Tasmania,48,17.3,20.6, ,C00
Incidence,Lip cancer,2010,Males,Australian Capital Territory,4,n.p.,n.p., ,C00
Incidence,Lip cancer,2010,Males,Northern Territory,4,n.p.,n.p., ,C00
Incidence,Lip cancer,2010,Males,Australia,806,7.3,8.5, ,C00
Incidence,Lip cancer,2010,Females,New South Wales,92,2.1,2.7, ,C00
Incidence,Lip cancer,2010,Females,Victoria,55,1.6,2.1, ,C00
Incidence,Lip cancer,2010,Females,Queensland,60,2.5,3.1, ,C00
Incidence,Lip cancer,2010,Females,Western Australia,34,2.8,3.4, ,C00
Incidence,Lip cancer,2010,Females,South Australia,26,2.2,2.8, ,C00
Incidence,Lip cancer,2010,Females,Tasmania,12,3.6,4.5, ,C00
Incidence,Lip cancer,2010,Females,Australian Capital Territory,1,n.p.,n.p., ,C00
Incidence,Lip cancer,2010,Females,Northern Territory,1,n.p.,n.p., ,C00
Incidence,Lip cancer,2010,Females,Australia,279,2.1,2.7, ,C00
Incidence,Lip cancer,2010,Persons,New South Wales,337,4.3,5.2, ,C00
Incidence,Lip cancer,2010,Persons,Victoria,212,3.6,4.4, ,C00
Incidence,Lip cancer,2010,Persons,Queensland,222,5.0,5.8, ,C00
Incidence,Lip cancer,2010,Persons,Western Australia,146,6.3,7.2, ,C00
Incidence,Lip cancer,2010,Persons,South Australia,98,5.2,6.1, ,C00
Incidence,Lip cancer,2010,Persons,Tasmania,60,10.2,12.1, ,C00
Incidence,Lip cancer,2010,Persons,Australian Capital Territory,5,1.6,1.8, ,C00
Incidence,Lip cancer,2010,Persons,Northern Territory,5,3.2,3.7, ,C00
Incidence,Lip cancer,2010,Persons,Australia,"1,085",4.6,5.5, ,C00
Incidence,Lip cancer,2011,Males,New South Wales,201,5.2,6.3, ,C00
Incidence,Lip cancer,2011,Males,Victoria,127,4.5,5.4, ,C00
Incidence,Lip cancer,2011,Males,Queensland,173,7.5,8.8, ,C00
Incidence,Lip cancer,2011,Males,Western Australia,65,5.7,6.9, ,C00
Incidence,Lip cancer,2011,Males,South Australia,63,7.0,8.1, ,C00
Incidence,Lip cancer,2011,Males,Tasmania,34,11.4,13.7, ,C00
Incidence,Lip cancer,2011,Males,Australian Capital Territory,6,3.3,3.8, ,C00
Incidence,Lip cancer,2011,Males,Northern Territory,6,7.5,9.2, ,C00
Incidence,Lip cancer,2011,Males,Australia,679,5.9,7.0, ,C00
Incidence,Lip cancer,2011,Females,New South Wales,93,2.2,2.6, ,C00
Incidence,Lip cancer,2011,Females,Victoria,51,1.6,2.0, ,C00
Incidence,Lip cancer,2011,Females,Queensland,50,2.0,2.5, ,C00
Incidence,Lip cancer,2011,Females,Western Australia,24,2.0,2.4, ,C00
Incidence,Lip cancer,2011,Females,South Australia,14,1.0,1.4, ,C00
Incidence,Lip cancer,2011,Females,Tasmania,14,4.2,5.5, ,C00
Incidence,Lip cancer,2011,Females,Australian Capital Territory,1,n.p.,n.p., ,C00
Incidence,Lip cancer,2011,Females,Northern Territory,1,n.p.,n.p., ,C00
Incidence,Lip cancer,2011,Females,Australia,248,1.9,2.4, ,C00
Incidence,Lip cancer,2011,Persons,New South Wales,294,3.7,4.4, ,C00
Incidence,Lip cancer,2011,Persons,Victoria,178,3.0,3.6, ,C00
Incidence,Lip cancer,2011,Persons,Queensland,223,4.7,5.5, ,C00
Incidence,Lip cancer,2011,Persons,Western Australia,89,3.8,4.5, ,C00
Incidence,Lip cancer,2011,Persons,South Australia,77,4.0,4.7, ,C00
Incidence,Lip cancer,2011,Persons,Tasmania,48,7.7,9.5, ,C00
Incidence,Lip cancer,2011,Persons,Australian Capital Territory,6,1.8,2.0, ,C00
Incidence,Lip cancer,2011,Persons,Northern Territory,7,4.4,5.2, ,C00
Incidence,Lip cancer,2011,Persons,Australia,927,3.8,4.6, ,C00
Incidence,Lip cancer,2012,Males,New South Wales,224,5.8,6.9, ,C00
Incidence,Lip cancer,2012,Males,Victoria,136,4.7,5.7, ,C00
Incidence,Lip cancer,2012,Males,Queensland,173,7.5,8.9, ,C00
Incidence,Lip cancer,2012,Males,Western Australia,93,8.0,9.3, ,C00
Incidence,Lip cancer,2012,Males,South Australia,63,7.0,8.2, ,C00
Incidence,Lip cancer,2012,Males,Tasmania,31,11.3,12.6, ,C00
Incidence,Lip cancer,2012,Males,Australian Capital Territory,5,2.7,3.2, ,C00
Incidence,Lip cancer,2012,Males,Northern Territory,7,8.6,10.2, ,C00
Incidence,Lip cancer,2012,Males,Australia,732,6.3,7.4, ,C00
Incidence,Lip cancer,2012,Females,New South Wales,86,2.0,2.4, ,C00
Incidence,Lip cancer,2012,Females,Victoria,65,1.9,2.4, ,C00
Incidence,Lip cancer,2012,Females,Queensland,42,1.7,2.1, ,C00
Incidence,Lip cancer,2012,Females,Western Australia,35,2.6,3.2, ,C00
Incidence,Lip cancer,2012,Females,South Australia,23,2.2,2.7, ,C00
Incidence,Lip cancer,2012,Females,Tasmania,14,4.4,5.2, ,C00
Incidence,Lip cancer,2012,Females,Australian Capital Territory,1,n.p.,n.p., ,C00
Incidence,Lip cancer,2012,Females,Northern Territory,2,n.p.,n.p., ,C00
Incidence,Lip cancer,2012,Females,Australia,267,2.0,2.5, ,C00
Incidence,Lip cancer,2012,Persons,New South Wales,310,3.8,4.6, ,C00
Incidence,Lip cancer,2012,Persons,Victoria,201,3.3,4.0, ,C00
Incidence,Lip cancer,2012,Persons,Queensland,215,4.5,5.4, ,C00
Incidence,Lip cancer,2012,Persons,Western Australia,128,5.3,6.2, ,C00
Incidence,Lip cancer,2012,Persons,South Australia,86,4.5,5.3, ,C00
Incidence,Lip cancer,2012,Persons,Tasmania,45,7.8,8.8, ,C00
Incidence,Lip cancer,2012,Persons,Australian Capital Territory,5,1.4,1.7, ,C00
Incidence,Lip cancer,2012,Persons,Northern Territory,8,5.4,6.7, ,C00
Incidence,Lip cancer,2012,Persons,Australia,999,4.1,4.9, ,C00
Incidence,Lip cancer,2013,Males,New South Wales,213,5.5,6.6, ,C00
Incidence,Lip cancer,2013,Males,Victoria,181,6.1,7.4, ,C00
Incidence,Lip cancer,2013,Males,Queensland,183,7.8,8.9, ,C00
Incidence,Lip cancer,2013,Males,Western Australia,82,6.5,7.4, ,C00
Incidence,Lip cancer,2013,Males,South Australia,57,6.0,7.3, ,C00
Incidence,Lip cancer,2013,Males,Tasmania,23,7.9,8.8, ,C00
Incidence,Lip cancer,2013,Males,Australian Capital Territory,5,2.9,3.5, ,C00
Incidence,Lip cancer,2013,Males,Northern Territory,7,8.6,10.2, ,C00
Incidence,Lip cancer,2013,Males,Australia,749,6.3,7.5, ,C00
Incidence,Lip cancer,2013,Females,New South Wales,82,1.8,2.3, ,C00
Incidence,Lip cancer,2013,Females,Victoria,80,2.3,2.9, ,C00
Incidence,Lip cancer,2013,Females,Queensland,62,2.4,3.0, ,C00
Incidence,Lip cancer,2013,Females,Western Australia,35,2.7,3.2, ,C00
Incidence,Lip cancer,2013,Females,South Australia,14,1.3,1.6, ,C00
Incidence,Lip cancer,2013,Females,Tasmania,10,3.1,3.6, ,C00
Incidence,Lip cancer,2013,Females,Australian Capital Territory,0,0.0,0.0, ,C00
Incidence,Lip cancer,2013,Females,Northern Territory,2,n.p.,n.p., ,C00
Incidence,Lip cancer,2013,Females,Australia,284,2.1,2.6, ,C00
Incidence,Lip cancer,2013,Persons,New South Wales,295,3.6,4.3, ,C00
Incidence,Lip cancer,2013,Persons,Victoria,261,4.1,5.0, ,C00
Incidence,Lip cancer,2013,Persons,Queensland,245,5.0,5.9, ,C00
Incidence,Lip cancer,2013,Persons,Western Australia,117,4.6,5.3, ,C00
Incidence,Lip cancer,2013,Persons,South Australia,71,3.5,4.2, ,C00
Incidence,Lip cancer,2013,Persons,Tasmania,33,5.4,6.1, ,C00
Incidence,Lip cancer,2013,Persons,Australian Capital Territory,5,1.4,1.7, ,C00
Incidence,Lip cancer,2013,Persons,Northern Territory,9,5.4,6.6, ,C00
Incidence,Lip cancer,2013,Persons,Australia,"1,033",4.1,4.9, ,C00
Incidence,Lip cancer,2014,Males,New South Wales,194,4.8,5.7, ,C00
Incidence,Lip cancer,2014,Males,Victoria,106,3.5,4.1, ,C00
Incidence,Lip cancer,2014,Males,Queensland,144,6.1,7.0, ,C00
Incidence,Lip cancer,2014,Males,Western Australia,84,6.7,7.9, ,C00
Incidence,Lip cancer,2014,Males,South Australia,63,6.6,7.9, ,C00
Incidence,Lip cancer,2014,Males,Tasmania,23,7.2,9.1, ,C00
Incidence,Lip cancer,2014,Males,Australian Capital Territory,4,n.p.,n.p., ,C00
Incidence,Lip cancer,2014,Males,Northern Territory,6,6.8,8.0, ,C00
Incidence,Lip cancer,2014,Males,Australia,617,5.0,6.0, ,C00
Incidence,Lip cancer,2014,Females,New South Wales,74,1.6,2.0, ,C00
Incidence,Lip cancer,2014,Females,Victoria,52,1.3,1.8, ,C00
Incidence,Lip cancer,2014,Females,Queensland,42,1.6,2.0, ,C00
Incidence,Lip cancer,2014,Females,Western Australia,51,3.7,4.6, ,C00
Incidence,Lip cancer,2014,Females,South Australia,17,1.6,2.0, ,C00
Incidence,Lip cancer,2014,Females,Tasmania,9,2.5,3.1, ,C00
Incidence,Lip cancer,2014,Females,Australian Capital Territory,0,0.0,0.0, ,C00
Incidence,Lip cancer,2014,Females,Northern Territory,1,n.p.,n.p., ,C00
Incidence,Lip cancer,2014,Females,Australia,246,1.8,2.2, ,C00
Incidence,Lip cancer,2014,Persons,New South Wales,268,3.1,3.8, ,C00
Incidence,Lip cancer,2014,Persons,Victoria,158,2.4,2.9, ,C00
Incidence,Lip cancer,2014,Persons,Queensland,186,3.8,4.4, ,C00
Incidence,Lip cancer,2014,Persons,Western Australia,135,5.2,6.3, ,C00
Incidence,Lip cancer,2014,Persons,South Australia,80,4.0,4.7, ,C00
Incidence,Lip cancer,2014,Persons,Tasmania,32,4.7,6.0, ,C00
Incidence,Lip cancer,2014,Persons,Australian Capital Territory,5,1.3,1.5, ,C00
Incidence,Lip cancer,2014,Persons,Northern Territory,7,4.2,5.2, ,C00
Incidence,Lip cancer,2014,Persons,Australia,863,3.3,4.0, ,C00
Incidence,Lip cancer,2015,Males,New South Wales,244,5.9,7.0, ,C00
Incidence,Lip cancer,2015,Males,Victoria,118,3.8,4.6, ,C00
Incidence,Lip cancer,2015,Males,Queensland,144,5.9,6.7, ,C00
Incidence,Lip cancer,2015,Males,Western Australia,98,7.6,9.4, ,C00
Incidence,Lip cancer,2015,Males,South Australia,54,5.5,6.7, ,C00
Incidence,Lip cancer,2015,Males,Tasmania,31,10.5,11.8, ,C00
Incidence,Lip cancer,2015,Males,Australian Capital Territory,5,2.7,3.5, ,C00
Incidence,Lip cancer,2015,Males,Northern Territory,5,6.1,7.0, ,C00
Incidence,Lip cancer,2015,Males,Australia,698,5.6,6.6, ,C00
Incidence,Lip cancer,2015,Females,New South Wales,101,2.1,2.7, ,C00
Incidence,Lip cancer,2015,Females,Victoria,57,1.5,2.0, ,C00
Incidence,Lip cancer,2015,Females,Queensland,37,1.4,1.6, ,C00
Incidence,Lip cancer,2015,Females,Western Australia,44,3.2,4.0, ,C00
Incidence,Lip cancer,2015,Females,South Australia,19,1.6,2.0, ,C00
Incidence,Lip cancer,2015,Females,Tasmania,12,3.3,4.1, ,C00
Incidence,Lip cancer,2015,Females,Australian Capital Territory,0,0.0,0.0, ,C00
Incidence,Lip cancer,2015,Females,Northern Territory,1,n.p.,n.p., ,C00
Incidence,Lip cancer,2015,Females,Australia,272,1.9,2.4, ,C00
Incidence,Lip cancer,2015,Persons,New South Wales,345,4.0,4.8, ,C00
Incidence,Lip cancer,2015,Persons,Victoria,175,2.6,3.2, ,C00
Incidence,Lip cancer,2015,Persons,Queensland,181,3.6,4.1, ,C00
Incidence,Lip cancer,2015,Persons,Western Australia,142,5.4,6.6, ,C00
Incidence,Lip cancer,2015,Persons,South Australia,73,3.4,4.1, ,C00
Incidence,Lip cancer,2015,Persons,Tasmania,43,6.9,7.9, ,C00
Incidence,Lip cancer,2015,Persons,Australian Capital Territory,5,1.4,1.7, ,C00
Incidence,Lip cancer,2015,Persons,Northern Territory,7,4.2,5.2, ,C00
Incidence,Lip cancer,2015,Persons,Australia,970,3.7,4.4, ,C00
Incidence,Lip cancer,2016,Males,New South Wales,234,5.6,6.7, ,C00
Incidence,Lip cancer,2016,Males,Victoria,126,3.9,4.8, ,C00
Incidence,Lip cancer,2016,Males,Queensland,98,3.9,4.6, ,C00
Incidence,Lip cancer,2016,Males,Western Australia,96,7.4,8.4, ,C00
Incidence,Lip cancer,2016,Males,South Australia,47,4.5,5.8, ,C00
Incidence,Lip cancer,2016,Males,Tasmania,15,4.9,5.9, ,C00
Incidence,Lip cancer,2016,Males,Australian Capital Territory,5,2.8,3.5, ,C00
Incidence,Lip cancer,2016,Males,Northern Territory,5,4.6,5.1, ,C00
Incidence,Lip cancer,2016,Males,Australia,629,4.9,5.9, ,C00
Incidence,Lip cancer,2016,Females,New South Wales,76,1.5,2.0, ,C00
Incidence,Lip cancer,2016,Females,Victoria,48,1.2,1.6, ,C00
Incidence,Lip cancer,2016,Females,Queensland,27,1.0,1.2, ,C00
Incidence,Lip cancer,2016,Females,Western Australia,31,2.2,2.8, ,C00
Incidence,Lip cancer,2016,Females,South Australia,21,1.8,2.2, ,C00
Incidence,Lip cancer,2016,Females,Tasmania,7,1.4,2.1, ,C00
Incidence,Lip cancer,2016,Females,Australian Capital Territory,0,0.0,0.0, ,C00
Incidence,Lip cancer,2016,Females,Northern Territory,1,n.p.,n.p., ,C00
Incidence,Lip cancer,2016,Females,Australia,213,1.4,1.8, ,C00
Incidence,Lip cancer,2016,Persons,New South Wales,310,3.5,4.2, ,C00
Incidence,Lip cancer,2016,Persons,Victoria,174,2.5,3.1, ,C00
Incidence,Lip cancer,2016,Persons,Queensland,125,2.4,2.8, ,C00
Incidence,Lip cancer,2016,Persons,Western Australia,127,4.8,5.6, ,C00
Incidence,Lip cancer,2016,Persons,South Australia,68,3.0,3.9, ,C00
Incidence,Lip cancer,2016,Persons,Tasmania,22,3.2,4.0, ,C00
Incidence,Lip cancer,2016,Persons,Australian Capital Territory,5,1.4,1.7, ,C00
Incidence,Lip cancer,2016,Persons,Northern Territory,6,3.6,4.4, ,C00
Incidence,Lip cancer,2016,Persons,Australia,842,3.1,3.7, ,C00
Incidence,Lip cancer,2017,Males,New South Wales,210,5.0,5.8, ,C00
Incidence,Lip cancer,2017,Males,Victoria,95,2.9,3.5, ,C00
Incidence,Lip cancer,2017,Males,Queensland,49,1.8,2.2, ,C00
Incidence,Lip cancer,2017,Males,Western Australia,63,4.6,5.6, ,C00
Incidence,Lip cancer,2017,Males,South Australia,41,4.3,4.9, ,C00
Incidence,Lip cancer,2017,Males,Tasmania,29,9.0,11.0, ,C00
Incidence,Lip cancer,2017,Males,Australian Capital Territory,5,3.0,3.7, ,C00
Incidence,Lip cancer,2017,Males,Northern Territory,3,n.p.,n.p., ,C00
Incidence,Lip cancer,2017,Males,Australia,495,3.8,4.5, ,C00
Incidence,Lip cancer,2017,Females,New South Wales,75,1.5,1.9, ,C00
Incidence,Lip cancer,2017,Females,Victoria,30,0.8,1.0, ,C00
Incidence,Lip cancer,2017,Females,Queensland,12,0.4,0.5, ,C00
Incidence,Lip cancer,2017,Females,Western Australia,24,1.5,2.0, ,C00
Incidence,Lip cancer,2017,Females,South Australia,12,1.0,1.2, ,C00
Incidence,Lip cancer,2017,Females,Tasmania,7,1.9,2.4, ,C00
Incidence,Lip cancer,2017,Females,Australian Capital Territory,0,0.0,0.0, ,C00
Incidence,Lip cancer,2017,Females,Northern Territory,1,n.p.,n.p., ,C00
Incidence,Lip cancer,2017,Females,Australia,160,1.1,1.3, ,C00
Incidence,Lip cancer,2017,Persons,New South Wales,285,3.2,3.8, ,C00
Incidence,Lip cancer,2017,Persons,Victoria,125,1.8,2.2, ,C00
Incidence,Lip cancer,2017,Persons,Queensland,61,1.1,1.3, ,C00
Incidence,Lip cancer,2017,Persons,Western Australia,87,3.1,3.8, ,C00
Incidence,Lip cancer,2017,Persons,South Australia,53,2.6,3.0, ,C00
Incidence,Lip cancer,2017,Persons,Tasmania,36,5.3,6.5, ,C00
Incidence,Lip cancer,2017,Persons,Australian Capital Territory,6,1.5,1.8, ,C00
Incidence,Lip cancer,2017,Persons,Northern Territory,4,n.p.,n.p., ,C00
Incidence,Lip cancer,2017,Persons,Australia,655,2.4,2.9, ,C00
Incidence,Lip cancer,2018,Males,New South Wales,240,5.7,6.6, ,C00
Incidence,Lip cancer,2018,Males,Victoria,85,2.5,3.0, ,C00
Incidence,Lip cancer,2018,Males,Queensland,118,4.5,5.1, ,C00
Incidence,Lip cancer,2018,Males,Western Australia,74,5.4,6.4, ,C00
Incidence,Lip cancer,2018,Males,South Australia,60,6.0,7.0, ,C00
Incidence,Lip cancer,2018,Males,Tasmania,33,9.5,11.9, ,C00
Incidence,Lip cancer,2018,Males,Australian Capital Territory,5,2.7,3.2, ,C00
Incidence,Lip cancer,2018,Males,Northern Territory,2,n.p.,n.p., ,C00
Incidence,Lip cancer,2018,Males,Australia,615,4.6,5.5, ,C00
Incidence,Lip cancer,2018,Females,New South Wales,90,1.8,2.2, ,C00
Incidence,Lip cancer,2018,Females,Victoria,26,0.6,0.8, ,C00
Incidence,Lip cancer,2018,Females,Queensland,39,1.3,1.6, ,C00
Incidence,Lip cancer,2018,Females,Western Australia,31,2.1,2.6, ,C00
Incidence,Lip cancer,2018,Females,South Australia,11,0.8,1.1, ,C00
Incidence,Lip cancer,2018,Females,Tasmania,13,4.0,4.6, ,C00
Incidence,Lip cancer,2018,Females,Australian Capital Territory,0,0.0,0.0, ,C00
Incidence,Lip cancer,2018,Females,Northern Territory,1,n.p.,n.p., ,C00
Incidence,Lip cancer,2018,Females,Australia,210,1.4,1.7, ,C00
Incidence,Lip cancer,2018,Persons,New South Wales,330,3.7,4.3, ,C00
Incidence,Lip cancer,2018,Persons,Victoria,111,1.5,1.9, ,C00
Incidence,Lip cancer,2018,Persons,Queensland,157,2.9,3.3, ,C00
Incidence,Lip cancer,2018,Persons,Western Australia,105,3.7,4.4, ,C00
Incidence,Lip cancer,2018,Persons,South Australia,71,3.3,3.9, ,C00
Incidence,Lip cancer,2018,Persons,Tasmania,46,6.6,8.0, ,C00
Incidence,Lip cancer,2018,Persons,Australian Capital Territory,5,1.3,1.5, ,C00
Incidence,Lip cancer,2018,Persons,Northern Territory,3,n.p.,n.p., ,C00
Incidence,Lip cancer,2018,Persons,Australia,825,3.0,3.5, ,C00
Incidence,Lip cancer,2019,Males,New South Wales,262,5.9,7.0, ,C00
Incidence,Lip cancer,2019,Males,Victoria,121,3.5,4.3, ,C00
Incidence,Lip cancer,2019,Males,Queensland,106,4.0,4.7, ,C00
Incidence,Lip cancer,2019,Males,Western Australia,55,3.9,4.7, ,C00
Incidence,Lip cancer,2019,Males,South Australia,49,4.3,5.5, ,C00
Incidence,Lip cancer,2019,Males,Tasmania,40,11.7,14.1, ,C00
Incidence,Lip cancer,2019,Males,Australian Capital Territory,6,3.0,3.6, ,C00
Incidence,Lip cancer,2019,Males,Northern Territory,3,n.p.,n.p., ,C00
Incidence,Lip cancer,2019,Males,Australia,640,4.6,5.6, ,C00
Incidence,Lip cancer,2019,Females,New South Wales,92,1.8,2.2, ,C00
Incidence,Lip cancer,2019,Females,Victoria,43,1.1,1.3, ,C00
Incidence,Lip cancer,2019,Females,Queensland,22,0.7,0.9, ,C00
Incidence,Lip cancer,2019,Females,Western Australia,19,1.3,1.6, ,C00
Incidence,Lip cancer,2019,Females,South Australia,20,1.7,2.0, ,C00
Incidence,Lip cancer,2019,Females,Tasmania,11,2.5,3.3, ,C00
Incidence,Lip cancer,2019,Females,Australian Capital Territory,0,0.0,0.0, ,C00
Incidence,Lip cancer,2019,Females,Northern Territory,1,n.p.,n.p., ,C00
Incidence,Lip cancer,2019,Females,Australia,209,1.3,1.6, ,C00
Incidence,Lip cancer,2019,Persons,New South Wales,354,3.8,4.5, ,C00
Incidence,Lip cancer,2019,Persons,Victoria,164,2.2,2.7, ,C00
Incidence,Lip cancer,2019,Persons,Queensland,128,2.3,2.7, ,C00
Incidence,Lip cancer,2019,Persons,Western Australia,74,2.6,3.1, ,C00
Incidence,Lip cancer,2019,Persons,South Australia,69,3.0,3.7, ,C00
Incidence,Lip cancer,2019,Persons,Tasmania,51,6.9,8.4, ,C00
Incidence,Lip cancer,2019,Persons,Australian Capital Territory,6,1.5,1.8, ,C00
Incidence,Lip cancer,2019,Persons,Northern Territory,4,n.p.,n.p., ,C00
Incidence,Lip cancer,2019,Persons,Australia,849,2.9,3.5, ,C00
Incidence,Melanoma of the skin,2007,Males,New South Wales,"2,127",61.8,76.7, ,C43
Incidence,Melanoma of the skin,2007,Males,Victoria,"1,188",46.3,56.6, ,C43
Incidence,Melanoma of the skin,2007,Males,Queensland,"1,592",79.5,96.7, ,C43
Incidence,Melanoma of the skin,2007,Males,Western Australia,576,56.5,68.1, ,C43
Incidence,Melanoma of the skin,2007,Males,South Australia,342,40.5,49.2, ,C43
Incidence,Melanoma of the skin,2007,Males,Tasmania,127,48.0,60.5, ,C43
Incidence,Melanoma of the skin,2007,Males,Australian Capital Territory,72,52.8,64.5, ,C43
Incidence,Melanoma of the skin,2007,Males,Northern Territory,30,35.8,40.7, ,C43
Incidence,Melanoma of the skin,2007,Males,Australia,"6,037",58.3,71.5, ,C43
Incidence,Melanoma of the skin,2007,Females,New South Wales,"1,420",37.5,43.2, ,C43
Incidence,Melanoma of the skin,2007,Females,Victoria,986,34.6,39.7, ,C43
Incidence,Melanoma of the skin,2007,Females,Queensland,"1,127",52.8,59.6, ,C43
Incidence,Melanoma of the skin,2007,Females,Western Australia,411,38.0,44.2, ,C43
Incidence,Melanoma of the skin,2007,Females,South Australia,280,30.7,34.4, ,C43
Incidence,Melanoma of the skin,2007,Females,Tasmania,110,38.3,42.8, ,C43
Incidence,Melanoma of the skin,2007,Females,Australian Capital Territory,59,36.0,40.6, ,C43
Incidence,Melanoma of the skin,2007,Females,Northern Territory,20,24.6,26.5, ,C43
Incidence,Melanoma of the skin,2007,Females,Australia,"4,403",39.0,44.5, ,C43
Incidence,Melanoma of the skin,2007,Persons,New South Wales,"3,547",48.4,58.1, ,C43
Incidence,Melanoma of the skin,2007,Persons,Victoria,"2,174",39.8,47.2, ,C43
Incidence,Melanoma of the skin,2007,Persons,Queensland,"2,719",65.2,76.7, ,C43
Incidence,Melanoma of the skin,2007,Persons,Western Australia,987,46.6,55.2, ,C43
Incidence,Melanoma of the skin,2007,Persons,South Australia,622,34.8,40.6, ,C43
Incidence,Melanoma of the skin,2007,Persons,Tasmania,237,41.9,49.7, ,C43
Incidence,Melanoma of the skin,2007,Persons,Australian Capital Territory,131,43.3,51.0, ,C43
Incidence,Melanoma of the skin,2007,Persons,Northern Territory,50,30.6,34.1, ,C43
Incidence,Melanoma of the skin,2007,Persons,Australia,"10,440",47.7,56.6, ,C43
Incidence,Melanoma of the skin,2008,Males,New South Wales,"2,154",61.0,75.1, ,C43
Incidence,Melanoma of the skin,2008,Males,Victoria,"1,247",47.6,58.6, ,C43
Incidence,Melanoma of the skin,2008,Males,Queensland,"1,773",86.3,104.1, ,C43
Incidence,Melanoma of the skin,2008,Males,Western Australia,661,63.7,78.2, ,C43
Incidence,Melanoma of the skin,2008,Males,South Australia,413,48.1,59.2, ,C43
Incidence,Melanoma of the skin,2008,Males,Tasmania,163,59.7,71.0, ,C43
Incidence,Melanoma of the skin,2008,Males,Australian Capital Territory,76,54.3,66.2, ,C43
Incidence,Melanoma of the skin,2008,Males,Northern Territory,29,35.5,41.4, ,C43
Incidence,Melanoma of the skin,2008,Males,Australia,"6,528",61.6,75.3, ,C43
Incidence,Melanoma of the skin,2008,Females,New South Wales,"1,489",38.3,44.9, ,C43
Incidence,Melanoma of the skin,2008,Females,Victoria,981,33.9,38.5, ,C43
Incidence,Melanoma of the skin,2008,Females,Queensland,"1,196",54.7,61.5, ,C43
Incidence,Melanoma of the skin,2008,Females,Western Australia,425,37.9,44.3, ,C43
Incidence,Melanoma of the skin,2008,Females,South Australia,325,34.2,39.3, ,C43
Incidence,Melanoma of the skin,2008,Females,Tasmania,114,41.1,45.7, ,C43
Incidence,Melanoma of the skin,2008,Females,Australian Capital Territory,62,37.4,42.0, ,C43
Incidence,Melanoma of the skin,2008,Females,Northern Territory,20,25.5,28.4, ,C43
Incidence,Melanoma of the skin,2008,Females,Australia,"4,608",39.9,45.7, ,C43
Incidence,Melanoma of the skin,2008,Persons,New South Wales,"3,643",48.5,58.3, ,C43
Incidence,Melanoma of the skin,2008,Persons,Victoria,"2,228",39.9,47.2, ,C43
Incidence,Melanoma of the skin,2008,Persons,Queensland,"2,969",69.3,81.1, ,C43
Incidence,Melanoma of the skin,2008,Persons,Western Australia,"1,086",49.8,59.6, ,C43
Incidence,Melanoma of the skin,2008,Persons,South Australia,738,40.1,47.8, ,C43
Incidence,Melanoma of the skin,2008,Persons,Tasmania,277,49.3,56.6, ,C43
Incidence,Melanoma of the skin,2008,Persons,Australian Capital Territory,139,44.7,52.5, ,C43
Incidence,Melanoma of the skin,2008,Persons,Northern Territory,49,30.9,35.4, ,C43
Incidence,Melanoma of the skin,2008,Persons,Australia,"11,136",49.6,58.9, ,C43
Incidence,Melanoma of the skin,2009,Males,New South Wales,"2,190",60.5,74.6, ,C43
Incidence,Melanoma of the skin,2009,Males,Victoria,"1,333",49.8,61.1, ,C43
Incidence,Melanoma of the skin,2009,Males,Queensland,"1,786",84.7,102.9, ,C43
Incidence,Melanoma of the skin,2009,Males,Western Australia,640,59.4,73.6, ,C43
Incidence,Melanoma of the skin,2009,Males,South Australia,381,44.2,53.3, ,C43
Incidence,Melanoma of the skin,2009,Males,Tasmania,160,57.9,68.3, ,C43
Incidence,Melanoma of the skin,2009,Males,Australian Capital Territory,77,53.6,65.6, ,C43
Incidence,Melanoma of the skin,2009,Males,Northern Territory,30,36.3,43.0, ,C43
Incidence,Melanoma of the skin,2009,Males,Australia,"6,602",60.8,74.4, ,C43
Incidence,Melanoma of the skin,2009,Females,New South Wales,"1,534",38.7,45.1, ,C43
Incidence,Melanoma of the skin,2009,Females,Victoria,"1,047",34.9,40.7, ,C43
Incidence,Melanoma of the skin,2009,Females,Queensland,"1,267",56.6,64.4, ,C43
Incidence,Melanoma of the skin,2009,Females,Western Australia,399,34.4,39.4, ,C43
Incidence,Melanoma of the skin,2009,Females,South Australia,289,29.7,34.8, ,C43
Incidence,Melanoma of the skin,2009,Females,Tasmania,115,39.3,43.8, ,C43
Incidence,Melanoma of the skin,2009,Females,Australian Capital Territory,57,33.7,37.9, ,C43
Incidence,Melanoma of the skin,2009,Females,Northern Territory,20,27.3,31.8, ,C43
Incidence,Melanoma of the skin,2009,Females,Australia,"4,710",39.8,45.9, ,C43
Incidence,Melanoma of the skin,2009,Persons,New South Wales,"3,724",48.6,58.5, ,C43
Incidence,Melanoma of the skin,2009,Persons,Victoria,"2,380",41.5,49.6, ,C43
Incidence,Melanoma of the skin,2009,Persons,Queensland,"3,053",69.6,82.0, ,C43
Incidence,Melanoma of the skin,2009,Persons,Western Australia,"1,039",46.1,55.4, ,C43
Incidence,Melanoma of the skin,2009,Persons,South Australia,670,36.3,43.1, ,C43
Incidence,Melanoma of the skin,2009,Persons,Tasmania,275,47.9,55.2, ,C43
Incidence,Melanoma of the skin,2009,Persons,Australian Capital Territory,135,42.3,49.8, ,C43
Incidence,Melanoma of the skin,2009,Persons,Northern Territory,50,32.3,38.1, ,C43
Incidence,Melanoma of the skin,2009,Persons,Australia,"11,312",49.3,58.8, ,C43
Incidence,Melanoma of the skin,2010,Males,New South Wales,"2,335",63.1,78.5, ,C43
Incidence,Melanoma of the skin,2010,Males,Victoria,"1,304",47.1,58.0, ,C43
Incidence,Melanoma of the skin,2010,Males,Queensland,"1,847",85.3,104.4, ,C43
Incidence,Melanoma of the skin,2010,Males,Western Australia,650,59.1,73.3, ,C43
Incidence,Melanoma of the skin,2010,Males,South Australia,386,43.4,52.3, ,C43
Incidence,Melanoma of the skin,2010,Males,Tasmania,158,54.8,66.7, ,C43
Incidence,Melanoma of the skin,2010,Males,Australian Capital Territory,74,50.7,62.6, ,C43
Incidence,Melanoma of the skin,2010,Males,Northern Territory,32,39.3,46.8, ,C43
Incidence,Melanoma of the skin,2010,Males,Australia,"6,804",61.0,75.2, ,C43
Incidence,Melanoma of the skin,2010,Females,New South Wales,"1,563",38.5,45.3, ,C43
Incidence,Melanoma of the skin,2010,Females,Victoria,972,31.8,37.0, ,C43
Incidence,Melanoma of the skin,2010,Females,Queensland,"1,270",54.6,62.7, ,C43
Incidence,Melanoma of the skin,2010,Females,Western Australia,389,32.6,38.0, ,C43
Incidence,Melanoma of the skin,2010,Females,South Australia,313,31.6,36.9, ,C43
Incidence,Melanoma of the skin,2010,Females,Tasmania,134,45.0,50.3, ,C43
Incidence,Melanoma of the skin,2010,Females,Australian Capital Territory,50,28.6,32.5, ,C43
Incidence,Melanoma of the skin,2010,Females,Northern Territory,21,26.3,30.1, ,C43
Incidence,Melanoma of the skin,2010,Females,Australia,"4,709",38.7,45.0, ,C43
Incidence,Melanoma of the skin,2010,Persons,New South Wales,"3,898",49.7,60.2, ,C43
Incidence,Melanoma of the skin,2010,Persons,Victoria,"2,276",38.7,46.4, ,C43
Incidence,Melanoma of the skin,2010,Persons,Queensland,"3,117",68.9,81.9, ,C43
Incidence,Melanoma of the skin,2010,Persons,Western Australia,"1,039",44.8,54.1, ,C43
Incidence,Melanoma of the skin,2010,Persons,South Australia,699,36.8,43.6, ,C43
Incidence,Melanoma of the skin,2010,Persons,Tasmania,292,49.4,57.7, ,C43
Incidence,Melanoma of the skin,2010,Persons,Australian Capital Territory,124,38.4,45.8, ,C43
Incidence,Melanoma of the skin,2010,Persons,Northern Territory,53,33.1,38.8, ,C43
Incidence,Melanoma of the skin,2010,Persons,Australia,"11,513",48.9,58.6, ,C43
Incidence,Melanoma of the skin,2011,Males,New South Wales,"2,398",62.6,78.3, ,C43
Incidence,Melanoma of the skin,2011,Males,Victoria,"1,172",41.0,50.1, ,C43
Incidence,Melanoma of the skin,2011,Males,Queensland,"1,925",85.6,104.4, ,C43
Incidence,Melanoma of the skin,2011,Males,Western Australia,667,58.6,72.7, ,C43
Incidence,Melanoma of the skin,2011,Males,South Australia,404,43.7,53.9, ,C43
Incidence,Melanoma of the skin,2011,Males,Tasmania,132,45.0,54.7, ,C43
Incidence,Melanoma of the skin,2011,Males,Australian Capital Territory,76,50.6,62.6, ,C43
Incidence,Melanoma of the skin,2011,Males,Northern Territory,33,41.3,49.7, ,C43
Incidence,Melanoma of the skin,2011,Males,Australia,"6,803",59.0,72.7, ,C43
Incidence,Melanoma of the skin,2011,Females,New South Wales,"1,616",39.2,46.4, ,C43
Incidence,Melanoma of the skin,2011,Females,Victoria,900,28.6,33.5, ,C43
Incidence,Melanoma of the skin,2011,Females,Queensland,"1,381",58.2,66.5, ,C43
Incidence,Melanoma of the skin,2011,Females,Western Australia,449,36.2,42.4, ,C43
Incidence,Melanoma of the skin,2011,Females,South Australia,290,28.7,33.8, ,C43
Incidence,Melanoma of the skin,2011,Females,Tasmania,129,43.2,49.2, ,C43
Incidence,Melanoma of the skin,2011,Females,Australian Capital Territory,48,26.9,30.8, ,C43
Incidence,Melanoma of the skin,2011,Females,Northern Territory,22,26.9,31.2, ,C43
Incidence,Melanoma of the skin,2011,Females,Australia,"4,842",39.0,45.4, ,C43
Incidence,Melanoma of the skin,2011,Persons,New South Wales,"4,014",49.8,60.6, ,C43
Incidence,Melanoma of the skin,2011,Persons,Victoria,"2,072",34.3,41.1, ,C43
Incidence,Melanoma of the skin,2011,Persons,Queensland,"3,306",71.1,84.2, ,C43
Incidence,Melanoma of the skin,2011,Persons,Western Australia,"1,116",46.5,56.2, ,C43
Incidence,Melanoma of the skin,2011,Persons,South Australia,694,35.7,43.0, ,C43
Incidence,Melanoma of the skin,2011,Persons,Tasmania,261,43.5,51.1, ,C43
Incidence,Melanoma of the skin,2011,Persons,Australian Capital Territory,124,37.5,44.9, ,C43
Incidence,Melanoma of the skin,2011,Persons,Northern Territory,55,34.5,41.0, ,C43
Incidence,Melanoma of the skin,2011,Persons,Australia,"11,645",48.1,57.8, ,C43
Incidence,Melanoma of the skin,2012,Males,New South Wales,"2,489",63.8,79.4, ,C43
Incidence,Melanoma of the skin,2012,Males,Victoria,"1,291",44.2,54.4, ,C43
Incidence,Melanoma of the skin,2012,Males,Queensland,"2,017",87.9,107.2, ,C43
Incidence,Melanoma of the skin,2012,Males,Western Australia,696,58.9,73.7, ,C43
Incidence,Melanoma of the skin,2012,Males,South Australia,394,41.8,51.9, ,C43
Incidence,Melanoma of the skin,2012,Males,Tasmania,146,48.8,57.7, ,C43
Incidence,Melanoma of the skin,2012,Males,Australian Capital Territory,79,51.2,64.1, ,C43
Incidence,Melanoma of the skin,2012,Males,Northern Territory,37,46.4,56.5, ,C43
Incidence,Melanoma of the skin,2012,Males,Australia,"7,156",60.7,74.9, ,C43
Incidence,Melanoma of the skin,2012,Females,New South Wales,"1,699",40.4,47.2, ,C43
Incidence,Melanoma of the skin,2012,Females,Victoria,987,30.7,35.7, ,C43
Incidence,Melanoma of the skin,2012,Females,Queensland,"1,428",58.3,67.5, ,C43
Incidence,Melanoma of the skin,2012,Females,Western Australia,453,35.8,41.3, ,C43
Incidence,Melanoma of the skin,2012,Females,South Australia,305,30.3,35.4, ,C43
Incidence,Melanoma of the skin,2012,Females,Tasmania,109,34.0,40.2, ,C43
Incidence,Melanoma of the skin,2012,Females,Australian Capital Territory,54,29.2,33.5, ,C43
Incidence,Melanoma of the skin,2012,Females,Northern Territory,23,28.7,34.2, ,C43
Incidence,Melanoma of the skin,2012,Females,Australia,"5,083",39.9,46.5, ,C43
Incidence,Melanoma of the skin,2012,Persons,New South Wales,"4,188",51.1,61.8, ,C43
Incidence,Melanoma of the skin,2012,Persons,Victoria,"2,278",36.8,44.1, ,C43
Incidence,Melanoma of the skin,2012,Persons,Queensland,"3,445",72.2,86.0, ,C43
Incidence,Melanoma of the skin,2012,Persons,Western Australia,"1,149",46.5,56.3, ,C43
Incidence,Melanoma of the skin,2012,Persons,South Australia,699,35.5,42.8, ,C43
Incidence,Melanoma of the skin,2012,Persons,Tasmania,255,41.3,48.8, ,C43
Incidence,Melanoma of the skin,2012,Persons,Australian Capital Territory,132,38.9,47.0, ,C43
Incidence,Melanoma of the skin,2012,Persons,Northern Territory,60,38.3,46.4, ,C43
Incidence,Melanoma of the skin,2012,Persons,Australia,"12,239",49.5,59.4, ,C43
Incidence,Melanoma of the skin,2013,Males,New South Wales,"2,540",63.7,79.3, ,C43
Incidence,Melanoma of the skin,2013,Males,Victoria,"1,329",44.2,55.1, ,C43
Incidence,Melanoma of the skin,2013,Males,Queensland,"2,168",91.1,112.1, ,C43
Incidence,Melanoma of the skin,2013,Males,Western Australia,785,65.2,80.7, ,C43
Incidence,Melanoma of the skin,2013,Males,South Australia,438,45.7,57.2, ,C43
Incidence,Melanoma of the skin,2013,Males,Tasmania,138,45.7,55.7, ,C43
Incidence,Melanoma of the skin,2013,Males,Australian Capital Territory,81,50.4,63.3, ,C43
Incidence,Melanoma of the skin,2013,Males,Northern Territory,39,46.9,58.1, ,C43
Incidence,Melanoma of the skin,2013,Males,Australia,"7,533",62.2,77.2, ,C43
Incidence,Melanoma of the skin,2013,Females,New South Wales,"1,767",41.0,48.2, ,C43
Incidence,Melanoma of the skin,2013,Females,Victoria,"1,000",30.1,35.5, ,C43
Incidence,Melanoma of the skin,2013,Females,Queensland,"1,528",61.7,69.9, ,C43
Incidence,Melanoma of the skin,2013,Females,Western Australia,535,41.3,49.2, ,C43
Incidence,Melanoma of the skin,2013,Females,South Australia,286,28.0,32.2, ,C43
Incidence,Melanoma of the skin,2013,Females,Tasmania,136,43.5,49.8, ,C43
Incidence,Melanoma of the skin,2013,Females,Australian Capital Territory,54,29.0,34.0, ,C43
Incidence,Melanoma of the skin,2013,Females,Northern Territory,24,29.3,35.4, ,C43
Incidence,Melanoma of the skin,2013,Females,Australia,"5,340",41.1,47.8, ,C43
Incidence,Melanoma of the skin,2013,Persons,New South Wales,"4,307",51.5,62.4, ,C43
Incidence,Melanoma of the skin,2013,Persons,Victoria,"2,329",36.5,44.3, ,C43
Incidence,Melanoma of the skin,2013,Persons,Queensland,"3,696",75.5,89.8, ,C43
Incidence,Melanoma of the skin,2013,Persons,Western Australia,"1,320",52.4,63.6, ,C43
Incidence,Melanoma of the skin,2013,Persons,South Australia,724,36.0,43.3, ,C43
Incidence,Melanoma of the skin,2013,Persons,Tasmania,274,44.0,51.9, ,C43
Incidence,Melanoma of the skin,2013,Persons,Australian Capital Territory,135,38.6,47.0, ,C43
Incidence,Melanoma of the skin,2013,Persons,Northern Territory,63,38.8,47.7, ,C43
Incidence,Melanoma of the skin,2013,Persons,Australia,"12,873",50.8,61.3, ,C43
Incidence,Melanoma of the skin,2014,Males,New South Wales,"2,558",63.2,78.4, ,C43
Incidence,Melanoma of the skin,2014,Males,Victoria,"1,401",45.4,56.3, ,C43
Incidence,Melanoma of the skin,2014,Males,Queensland,"2,205",90.6,111.9, ,C43
Incidence,Melanoma of the skin,2014,Males,Western Australia,774,61.9,77.2, ,C43
Incidence,Melanoma of the skin,2014,Males,South Australia,482,49.6,61.4, ,C43
Incidence,Melanoma of the skin,2014,Males,Tasmania,163,51.2,63.7, ,C43
Incidence,Melanoma of the skin,2014,Males,Australian Capital Territory,81,49.8,62.9, ,C43
Incidence,Melanoma of the skin,2014,Males,Northern Territory,43,52.1,65.4, ,C43
Incidence,Melanoma of the skin,2014,Males,Australia,"7,718",62.3,77.3, ,C43
Incidence,Melanoma of the skin,2014,Females,New South Wales,"1,797",41.1,48.2, ,C43
Incidence,Melanoma of the skin,2014,Females,Victoria,"1,064",31.5,36.9, ,C43
Incidence,Melanoma of the skin,2014,Females,Queensland,"1,505",59.1,67.8, ,C43
Incidence,Melanoma of the skin,2014,Females,Western Australia,532,40.3,47.0, ,C43
Incidence,Melanoma of the skin,2014,Females,South Australia,313,30.1,35.2, ,C43
Incidence,Melanoma of the skin,2014,Females,Tasmania,169,51.3,60.4, ,C43
Incidence,Melanoma of the skin,2014,Females,Australian Capital Territory,63,33.0,38.8, ,C43
Incidence,Melanoma of the skin,2014,Females,Northern Territory,25,28.1,33.1, ,C43
Incidence,Melanoma of the skin,2014,Females,Australia,"5,486",41.4,48.2, ,C43
Incidence,Melanoma of the skin,2014,Persons,New South Wales,"4,355",51.2,61.9, ,C43
Incidence,Melanoma of the skin,2014,Persons,Victoria,"2,465",37.8,45.6, ,C43
Incidence,Melanoma of the skin,2014,Persons,Queensland,"3,710",73.7,88.2, ,C43
Incidence,Melanoma of the skin,2014,Persons,Western Australia,"1,306",50.3,60.9, ,C43
Incidence,Melanoma of the skin,2014,Persons,South Australia,795,39.0,47.0, ,C43
Incidence,Melanoma of the skin,2014,Persons,Tasmania,332,51.0,61.6, ,C43
Incidence,Melanoma of the skin,2014,Persons,Australian Capital Territory,144,40.3,49.3, ,C43
Incidence,Melanoma of the skin,2014,Persons,Northern Territory,68,40.7,50.1, ,C43
Incidence,Melanoma of the skin,2014,Persons,Australia,"13,204",51.0,61.4, ,C43
Incidence,Melanoma of the skin,2015,Males,New South Wales,"2,581",61.7,77.3, ,C43
Incidence,Melanoma of the skin,2015,Males,Victoria,"1,532",48.2,60.1, ,C43
Incidence,Melanoma of the skin,2015,Males,Queensland,"2,195",88.2,107.5, ,C43
Incidence,Melanoma of the skin,2015,Males,Western Australia,900,71.2,88.2, ,C43
Incidence,Melanoma of the skin,2015,Males,South Australia,474,47.6,59.0, ,C43
Incidence,Melanoma of the skin,2015,Males,Tasmania,166,52.0,64.6, ,C43
Incidence,Melanoma of the skin,2015,Males,Australian Capital Territory,84,49.5,62.4, ,C43
Incidence,Melanoma of the skin,2015,Males,Northern Territory,48,55.7,69.9, ,C43
Incidence,Melanoma of the skin,2015,Males,Australia,"8,014",63.1,78.2, ,C43
Incidence,Melanoma of the skin,2015,Females,New South Wales,"1,778",39.9,47.2, ,C43
Incidence,Melanoma of the skin,2015,Females,Victoria,"1,161",33.7,39.4, ,C43
Incidence,Melanoma of the skin,2015,Females,Queensland,"1,561",59.5,68.6, ,C43
Incidence,Melanoma of the skin,2015,Females,Western Australia,670,49.3,58.0, ,C43
Incidence,Melanoma of the skin,2015,Females,South Australia,295,27.4,32.3, ,C43
Incidence,Melanoma of the skin,2015,Females,Tasmania,136,42.5,48.5, ,C43
Incidence,Melanoma of the skin,2015,Females,Australian Capital Territory,70,35.8,42.4, ,C43
Incidence,Melanoma of the skin,2015,Females,Northern Territory,27,31.2,37.6, ,C43
Incidence,Melanoma of the skin,2015,Females,Australia,"5,711",42.2,49.3, ,C43
Incidence,Melanoma of the skin,2015,Persons,New South Wales,"4,359",49.9,61.0, ,C43
Incidence,Melanoma of the skin,2015,Persons,Victoria,"2,693",40.3,48.8, ,C43
Incidence,Melanoma of the skin,2015,Persons,Queensland,"3,756",73.0,86.8, ,C43
Incidence,Melanoma of the skin,2015,Persons,Western Australia,"1,570",59.5,72.1, ,C43
Incidence,Melanoma of the skin,2015,Persons,South Australia,769,36.7,44.5, ,C43
Incidence,Melanoma of the skin,2015,Persons,Tasmania,302,46.6,55.5, ,C43
Incidence,Melanoma of the skin,2015,Persons,Australian Capital Territory,153,41.7,51.0, ,C43
Incidence,Melanoma of the skin,2015,Persons,Northern Territory,75,44.2,54.8, ,C43
Incidence,Melanoma of the skin,2015,Persons,Australia,"13,725",51.9,62.6, ,C43
Incidence,Melanoma of the skin,2016,Males,New South Wales,"2,857",67.1,83.4, ,C43
Incidence,Melanoma of the skin,2016,Males,Victoria,"1,569",48.1,59.3, ,C43
Incidence,Melanoma of the skin,2016,Males,Queensland,"2,331",91.3,111.6, ,C43
Incidence,Melanoma of the skin,2016,Males,Western Australia,919,70.3,86.8, ,C43
Incidence,Melanoma of the skin,2016,Males,South Australia,463,45.6,55.9, ,C43
Incidence,Melanoma of the skin,2016,Males,Tasmania,186,59.1,71.1, ,C43
Incidence,Melanoma of the skin,2016,Males,Australian Capital Territory,92,52.7,66.5, ,C43
Incidence,Melanoma of the skin,2016,Males,Northern Territory,54,58.5,73.4, ,C43
Incidence,Melanoma of the skin,2016,Males,Australia,"8,497",65.4,80.6, ,C43
Incidence,Melanoma of the skin,2016,Females,New South Wales,"1,926",42.4,49.9, ,C43
Incidence,Melanoma of the skin,2016,Females,Victoria,"1,253",35.4,41.4, ,C43
Incidence,Melanoma of the skin,2016,Females,Queensland,"1,633",60.5,70.2, ,C43
Incidence,Melanoma of the skin,2016,Females,Western Australia,626,45.6,53.9, ,C43
Incidence,Melanoma of the skin,2016,Females,South Australia,343,31.6,37.2, ,C43
Incidence,Melanoma of the skin,2016,Females,Tasmania,148,45.5,52.3, ,C43
Incidence,Melanoma of the skin,2016,Females,Australian Capital Territory,75,37.7,44.8, ,C43
Incidence,Melanoma of the skin,2016,Females,Northern Territory,28,31.9,38.5, ,C43
Incidence,Melanoma of the skin,2016,Females,Australia,"6,040",43.6,51.0, ,C43
Incidence,Melanoma of the skin,2016,Persons,New South Wales,"4,783",53.8,65.3, ,C43
Incidence,Melanoma of the skin,2016,Persons,Victoria,"2,822",41.2,49.5, ,C43
Incidence,Melanoma of the skin,2016,Persons,Queensland,"3,964",75.1,89.7, ,C43
Incidence,Melanoma of the skin,2016,Persons,Western Australia,"1,545",57.3,69.4, ,C43
Incidence,Melanoma of the skin,2016,Persons,South Australia,806,38.1,45.9, ,C43
Incidence,Melanoma of the skin,2016,Persons,Tasmania,334,51.9,61.1, ,C43
Incidence,Melanoma of the skin,2016,Persons,Australian Capital Territory,167,44.3,54.3, ,C43
Incidence,Melanoma of the skin,2016,Persons,Northern Territory,82,46.1,57.3, ,C43
Incidence,Melanoma of the skin,2016,Persons,Australia,"14,537",53.7,64.7, ,C43
Incidence,Melanoma of the skin,2017,Males,New South Wales,"2,967",68.1,84.9, ,C43
Incidence,Melanoma of the skin,2017,Males,Victoria,"1,673",50.0,62.0, ,C43
Incidence,Melanoma of the skin,2017,Males,Queensland,"2,475",94.0,114.2, ,C43
Incidence,Melanoma of the skin,2017,Males,Western Australia,870,65.1,81.2, ,C43
Incidence,Melanoma of the skin,2017,Males,South Australia,469,45.5,55.8, ,C43
Incidence,Melanoma of the skin,2017,Males,Tasmania,180,54.0,66.8, ,C43
Incidence,Melanoma of the skin,2017,Males,Australian Capital Territory,107,59.4,74.2, ,C43
Incidence,Melanoma of the skin,2017,Males,Northern Territory,52,56.8,71.6, ,C43
Incidence,Melanoma of the skin,2017,Males,Australia,"8,825",66.2,81.7, ,C43
Incidence,Melanoma of the skin,2017,Females,New South Wales,"1,953",42.2,49.7, ,C43
Incidence,Melanoma of the skin,2017,Females,Victoria,"1,309",35.9,42.4, ,C43
Incidence,Melanoma of the skin,2017,Females,Queensland,"1,675",61.1,70.6, ,C43
Incidence,Melanoma of the skin,2017,Females,Western Australia,592,41.5,49.2, ,C43
Incidence,Melanoma of the skin,2017,Females,South Australia,334,30.1,35.8, ,C43
Incidence,Melanoma of the skin,2017,Females,Tasmania,159,46.6,53.8, ,C43
Incidence,Melanoma of the skin,2017,Females,Australian Capital Territory,77,37.8,44.9, ,C43
Incidence,Melanoma of the skin,2017,Females,Northern Territory,29,32.3,39.1, ,C43
Incidence,Melanoma of the skin,2017,Females,Australia,"6,137",43.3,50.8, ,C43
Incidence,Melanoma of the skin,2017,Persons,New South Wales,"4,920",54.3,66.0, ,C43
Incidence,Melanoma of the skin,2017,Persons,Victoria,"2,982",42.3,51.3, ,C43
Incidence,Melanoma of the skin,2017,Persons,Queensland,"4,150",76.6,91.0, ,C43
Incidence,Melanoma of the skin,2017,Persons,Western Australia,"1,462",52.6,64.1, ,C43
Incidence,Melanoma of the skin,2017,Persons,South Australia,803,37.3,45.0, ,C43
Incidence,Melanoma of the skin,2017,Persons,Tasmania,339,49.8,59.5, ,C43
Incidence,Melanoma of the skin,2017,Persons,Australian Capital Territory,184,47.5,58.1, ,C43
Incidence,Melanoma of the skin,2017,Persons,Northern Territory,81,45.2,56.3, ,C43
Incidence,Melanoma of the skin,2017,Persons,Australia,"14,962",54.0,65.1, ,C43
Incidence,Melanoma of the skin,2018,Males,New South Wales,"2,984",67.5,83.4, ,C43
Incidence,Melanoma of the skin,2018,Males,Victoria,"1,763",51.4,63.7, ,C43
Incidence,Melanoma of the skin,2018,Males,Queensland,"2,343",86.5,106.1, ,C43
Incidence,Melanoma of the skin,2018,Males,Western Australia,863,62.7,77.6, ,C43
Incidence,Melanoma of the skin,2018,Males,South Australia,479,44.6,56.0, ,C43
Incidence,Melanoma of the skin,2018,Males,Tasmania,205,59.9,72.2, ,C43
Incidence,Melanoma of the skin,2018,Males,Australian Capital Territory,114,61.6,77.2, ,C43
Incidence,Melanoma of the skin,2018,Males,Northern Territory,52,56.6,71.2, ,C43
Incidence,Melanoma of the skin,2018,Males,Australia,"8,814",64.6,79.8, ,C43
Incidence,Melanoma of the skin,2018,Females,New South Wales,"2,022",43.4,50.7, ,C43
Incidence,Melanoma of the skin,2018,Females,Victoria,"1,311",35.1,41.7, ,C43
Incidence,Melanoma of the skin,2018,Females,Queensland,"1,735",61.3,71.0, ,C43
Incidence,Melanoma of the skin,2018,Females,Western Australia,626,43.0,51.1, ,C43
Incidence,Melanoma of the skin,2018,Females,South Australia,310,27.6,32.4, ,C43
Incidence,Melanoma of the skin,2018,Females,Tasmania,196,57.5,66.3, ,C43
Incidence,Melanoma of the skin,2018,Females,Australian Capital Territory,81,38.4,45.5, ,C43
Incidence,Melanoma of the skin,2018,Females,Northern Territory,30,31.9,37.7, ,C43
Incidence,Melanoma of the skin,2018,Females,Australia,"6,320",43.7,51.2, ,C43
Incidence,Melanoma of the skin,2018,Persons,New South Wales,"5,006",54.6,65.8, ,C43
Incidence,Melanoma of the skin,2018,Persons,Victoria,"3,075",42.6,51.7, ,C43
Incidence,Melanoma of the skin,2018,Persons,Queensland,"4,078",73.2,87.4, ,C43
Incidence,Melanoma of the skin,2018,Persons,Western Australia,"1,489",52.3,63.6, ,C43
Incidence,Melanoma of the skin,2018,Persons,South Australia,789,35.4,43.2, ,C43
Incidence,Melanoma of the skin,2018,Persons,Tasmania,401,58.5,68.9, ,C43
Incidence,Melanoma of the skin,2018,Persons,Australian Capital Territory,195,48.9,59.7, ,C43
Incidence,Melanoma of the skin,2018,Persons,Northern Territory,83,44.5,54.7, ,C43
Incidence,Melanoma of the skin,2018,Persons,Australia,"15,135",53.4,64.4, ,C43
Incidence,Melanoma of the skin,2019,Males,New South Wales,"3,003",66.4,82.3, ,C43
Incidence,Melanoma of the skin,2019,Males,Victoria,"1,631",46.3,57.9, ,C43
Incidence,Melanoma of the skin,2019,Males,Queensland,"2,602",93.1,114.0, ,C43
Incidence,Melanoma of the skin,2019,Males,Western Australia,949,66.2,82.5, ,C43
Incidence,Melanoma of the skin,2019,Males,South Australia,546,50.0,62.2, ,C43
Incidence,Melanoma of the skin,2019,Males,Tasmania,224,65.8,78.5, ,C43
Incidence,Melanoma of the skin,2019,Males,Australian Capital Territory,120,62.8,78.3, ,C43
Incidence,Melanoma of the skin,2019,Males,Northern Territory,55,59.6,75.0, ,C43
Incidence,Melanoma of the skin,2019,Males,Australia,"9,134",65.2,80.6, ,C43
Incidence,Melanoma of the skin,2019,Females,New South Wales,"2,075",43.3,51.2, ,C43
Incidence,Melanoma of the skin,2019,Females,Victoria,"1,201",31.5,37.4, ,C43
Incidence,Melanoma of the skin,2019,Females,Queensland,"1,845",63.8,73.9, ,C43
Incidence,Melanoma of the skin,2019,Females,Western Australia,680,44.8,53.5, ,C43
Incidence,Melanoma of the skin,2019,Females,South Australia,358,30.2,36.1, ,C43
Incidence,Melanoma of the skin,2019,Females,Tasmania,188,55.0,61.7, ,C43
Incidence,Melanoma of the skin,2019,Females,Australian Capital Territory,86,39.5,46.9, ,C43
Incidence,Melanoma of the skin,2019,Females,Northern Territory,33,33.2,39.2, ,C43
Incidence,Melanoma of the skin,2019,Females,Australia,"6,494",43.8,51.5, ,C43
Incidence,Melanoma of the skin,2019,Persons,New South Wales,"5,078",54.1,65.6, ,C43
Incidence,Melanoma of the skin,2019,Persons,Victoria,"2,832",38.3,46.7, ,C43
Incidence,Melanoma of the skin,2019,Persons,Queensland,"4,447",77.7,92.7, ,C43
Incidence,Melanoma of the skin,2019,Persons,Western Australia,"1,629",54.9,67.1, ,C43
Incidence,Melanoma of the skin,2019,Persons,South Australia,904,39.5,48.3, ,C43
Incidence,Melanoma of the skin,2019,Persons,Tasmania,412,60.0,69.4, ,C43
Incidence,Melanoma of the skin,2019,Persons,Australian Capital Territory,205,50.1,61.2, ,C43
Incidence,Melanoma of the skin,2019,Persons,Northern Territory,88,46.4,57.0, ,C43
Incidence,Melanoma of the skin,2019,Persons,Australia,"15,628",53.8,65.0, ,C43
Incidence,Non-melanoma skin cancer (rare types),2007,Males,New South Wales,178,5.4,7.2, ,C44
Incidence,Non-melanoma skin cancer (rare types),2007,Males,Victoria,53,2.1,2.7, ,C44
Incidence,Non-melanoma skin cancer (rare types),2007,Males,Queensland,108,5.8,7.6, ,C44
Incidence,Non-melanoma skin cancer (rare types),2007,Males,Western Australia,48,5.2,7.0, ,C44
Incidence,Non-melanoma skin cancer (rare types),2007,Males,South Australia,14,1.6,2.2, ,C44
Incidence,Non-melanoma skin cancer (rare types),2007,Males,Tasmania,12,4.4,5.5, ,C44
Incidence,Non-melanoma skin cancer (rare types),2007,Males,Australian Capital Territory,5,4.3,5.8, ,C44
Incidence,Non-melanoma skin cancer (rare types),2007,Males,Northern Territory,0,0.0,0.0, ,C44
Incidence,Non-melanoma skin cancer (rare types),2007,Males,Australia,415,4.2,5.6, ,C44
Incidence,Non-melanoma skin cancer (rare types),2007,Females,New South Wales,119,2.7,3.6, ,C44
Incidence,Non-melanoma skin cancer (rare types),2007,Females,Victoria,36,1.1,1.5, ,C44
Incidence,Non-melanoma skin cancer (rare types),2007,Females,Queensland,49,2.1,2.8, ,C44
Incidence,Non-melanoma skin cancer (rare types),2007,Females,Western Australia,25,2.2,2.9, ,C44
Incidence,Non-melanoma skin cancer (rare types),2007,Females,South Australia,8,0.6,0.9, ,C44
Incidence,Non-melanoma skin cancer (rare types),2007,Females,Tasmania,6,1.7,2.4, ,C44
Incidence,Non-melanoma skin cancer (rare types),2007,Females,Australian Capital Territory,2,n.p.,n.p., ,C44
Incidence,Non-melanoma skin cancer (rare types),2007,Females,Northern Territory,0,0.0,0.0, ,C44
Incidence,Non-melanoma skin cancer (rare types),2007,Females,Australia,243,1.9,2.5, ,C44
Incidence,Non-melanoma skin cancer (rare types),2007,Persons,New South Wales,297,3.9,5.1, ,C44
Incidence,Non-melanoma skin cancer (rare types),2007,Persons,Victoria,89,1.6,2.0, ,C44
Incidence,Non-melanoma skin cancer (rare types),2007,Persons,Queensland,157,3.8,4.9, ,C44
Incidence,Non-melanoma skin cancer (rare types),2007,Persons,Western Australia,73,3.5,4.7, ,C44
Incidence,Non-melanoma skin cancer (rare types),2007,Persons,South Australia,22,1.1,1.5, ,C44
Incidence,Non-melanoma skin cancer (rare types),2007,Persons,Tasmania,18,3.0,3.9, ,C44
Incidence,Non-melanoma skin cancer (rare types),2007,Persons,Australian Capital Territory,7,2.7,3.5, ,C44
Incidence,Non-melanoma skin cancer (rare types),2007,Persons,Northern Territory,0,0.0,0.0, ,C44
Incidence,Non-melanoma skin cancer (rare types),2007,Persons,Australia,658,2.9,3.8, ,C44
Incidence,Non-melanoma skin cancer (rare types),2008,Males,New South Wales,166,5.0,6.7, ,C44
Incidence,Non-melanoma skin cancer (rare types),2008,Males,Victoria,39,1.5,2.0, ,C44
Incidence,Non-melanoma skin cancer (rare types),2008,Males,Queensland,119,6.1,8.1, ,C44
Incidence,Non-melanoma skin cancer (rare types),2008,Males,Western Australia,52,5.5,7.3, ,C44
Incidence,Non-melanoma skin cancer (rare types),2008,Males,South Australia,11,1.3,1.7, ,C44
Incidence,Non-melanoma skin cancer (rare types),2008,Males,Tasmania,7,2.7,4.0, ,C44
Incidence,Non-melanoma skin cancer (rare types),2008,Males,Australian Capital Territory,4,n.p.,n.p., ,C44
Incidence,Non-melanoma skin cancer (rare types),2008,Males,Northern Territory,1,n.p.,n.p., ,C44
Incidence,Non-melanoma skin cancer (rare types),2008,Males,Australia,401,4.0,5.3, ,C44
Incidence,Non-melanoma skin cancer (rare types),2008,Females,New South Wales,127,2.8,3.9, ,C44
Incidence,Non-melanoma skin cancer (rare types),2008,Females,Victoria,30,0.9,1.2, ,C44
Incidence,Non-melanoma skin cancer (rare types),2008,Females,Queensland,38,1.6,2.2, ,C44
Incidence,Non-melanoma skin cancer (rare types),2008,Females,Western Australia,29,2.4,3.1, ,C44
Incidence,Non-melanoma skin cancer (rare types),2008,Females,South Australia,6,0.4,0.6, ,C44
Incidence,Non-melanoma skin cancer (rare types),2008,Females,Tasmania,8,2.4,3.2, ,C44
Incidence,Non-melanoma skin cancer (rare types),2008,Females,Australian Capital Territory,2,n.p.,n.p., ,C44
Incidence,Non-melanoma skin cancer (rare types),2008,Females,Northern Territory,0,0.0,0.0, ,C44
Incidence,Non-melanoma skin cancer (rare types),2008,Females,Australia,241,1.8,2.5, ,C44
Incidence,Non-melanoma skin cancer (rare types),2008,Persons,New South Wales,293,3.7,5.0, ,C44
Incidence,Non-melanoma skin cancer (rare types),2008,Persons,Victoria,69,1.2,1.6, ,C44
Incidence,Non-melanoma skin cancer (rare types),2008,Persons,Queensland,157,3.7,4.9, ,C44
Incidence,Non-melanoma skin cancer (rare types),2008,Persons,Western Australia,81,3.8,5.0, ,C44
Incidence,Non-melanoma skin cancer (rare types),2008,Persons,South Australia,17,0.8,1.1, ,C44
Incidence,Non-melanoma skin cancer (rare types),2008,Persons,Tasmania,15,2.4,3.3, ,C44
Incidence,Non-melanoma skin cancer (rare types),2008,Persons,Australian Capital Territory,6,2.1,2.8, ,C44
Incidence,Non-melanoma skin cancer (rare types),2008,Persons,Northern Territory,1,n.p.,n.p., ,C44
Incidence,Non-melanoma skin cancer (rare types),2008,Persons,Australia,642,2.8,3.7, ,C44
Incidence,Non-melanoma skin cancer (rare types),2009,Males,New South Wales,190,5.5,7.3, ,C44
Incidence,Non-melanoma skin cancer (rare types),2009,Males,Victoria,47,1.8,2.3, ,C44
Incidence,Non-melanoma skin cancer (rare types),2009,Males,Queensland,135,7.0,9.3, ,C44
Incidence,Non-melanoma skin cancer (rare types),2009,Males,Western Australia,46,4.6,6.0, ,C44
Incidence,Non-melanoma skin cancer (rare types),2009,Males,South Australia,15,1.7,2.3, ,C44
Incidence,Non-melanoma skin cancer (rare types),2009,Males,Tasmania,9,3.2,4.3, ,C44
Incidence,Non-melanoma skin cancer (rare types),2009,Males,Australian Capital Territory,3,n.p.,n.p., ,C44
Incidence,Non-melanoma skin cancer (rare types),2009,Males,Northern Territory,1,n.p.,n.p., ,C44
Incidence,Non-melanoma skin cancer (rare types),2009,Males,Australia,446,4.3,5.7, ,C44
Incidence,Non-melanoma skin cancer (rare types),2009,Females,New South Wales,111,2.4,3.2, ,C44
Incidence,Non-melanoma skin cancer (rare types),2009,Females,Victoria,32,0.9,1.3, ,C44
Incidence,Non-melanoma skin cancer (rare types),2009,Females,Queensland,55,2.2,3.0, ,C44
Incidence,Non-melanoma skin cancer (rare types),2009,Females,Western Australia,31,2.5,3.3, ,C44
Incidence,Non-melanoma skin cancer (rare types),2009,Females,South Australia,11,0.9,1.3, ,C44
Incidence,Non-melanoma skin cancer (rare types),2009,Females,Tasmania,5,1.5,1.9, ,C44
Incidence,Non-melanoma skin cancer (rare types),2009,Females,Australian Capital Territory,2,n.p.,n.p., ,C44
Incidence,Non-melanoma skin cancer (rare types),2009,Females,Northern Territory,0,0.0,0.0, ,C44
Incidence,Non-melanoma skin cancer (rare types),2009,Females,Australia,248,1.8,2.5, ,C44
Incidence,Non-melanoma skin cancer (rare types),2009,Persons,New South Wales,301,3.8,5.0, ,C44
Incidence,Non-melanoma skin cancer (rare types),2009,Persons,Victoria,79,1.3,1.7, ,C44
Incidence,Non-melanoma skin cancer (rare types),2009,Persons,Queensland,190,4.4,5.8, ,C44
Incidence,Non-melanoma skin cancer (rare types),2009,Persons,Western Australia,77,3.5,4.6, ,C44
Incidence,Non-melanoma skin cancer (rare types),2009,Persons,South Australia,26,1.3,1.8, ,C44
Incidence,Non-melanoma skin cancer (rare types),2009,Persons,Tasmania,14,2.2,2.9, ,C44
Incidence,Non-melanoma skin cancer (rare types),2009,Persons,Australian Capital Territory,5,1.9,2.6, ,C44
Incidence,Non-melanoma skin cancer (rare types),2009,Persons,Northern Territory,1,n.p.,n.p., ,C44
Incidence,Non-melanoma skin cancer (rare types),2009,Persons,Australia,694,2.9,3.9, ,C44
Incidence,Non-melanoma skin cancer (rare types),2010,Males,New South Wales,174,4.8,6.4, ,C44
Incidence,Non-melanoma skin cancer (rare types),2010,Males,Victoria,49,1.8,2.5, ,C44
Incidence,Non-melanoma skin cancer (rare types),2010,Males,Queensland,118,5.7,7.7, ,C44
Incidence,Non-melanoma skin cancer (rare types),2010,Males,Western Australia,51,5.2,6.9, ,C44
Incidence,Non-melanoma skin cancer (rare types),2010,Males,South Australia,22,2.4,3.4, ,C44
Incidence,Non-melanoma skin cancer (rare types),2010,Males,Tasmania,12,4.1,5.3, ,C44
Incidence,Non-melanoma skin cancer (rare types),2010,Males,Australian Capital Territory,4,n.p.,n.p., ,C44
Incidence,Non-melanoma skin cancer (rare types),2010,Males,Northern Territory,1,n.p.,n.p., ,C44
Incidence,Non-melanoma skin cancer (rare types),2010,Males,Australia,434,4.0,5.4, ,C44
Incidence,Non-melanoma skin cancer (rare types),2010,Females,New South Wales,120,2.6,3.4, ,C44
Incidence,Non-melanoma skin cancer (rare types),2010,Females,Victoria,33,1.0,1.2, ,C44
Incidence,Non-melanoma skin cancer (rare types),2010,Females,Queensland,64,2.6,3.4, ,C44
Incidence,Non-melanoma skin cancer (rare types),2010,Females,Western Australia,29,2.3,3.1, ,C44
Incidence,Non-melanoma skin cancer (rare types),2010,Females,South Australia,7,0.6,0.8, ,C44
Incidence,Non-melanoma skin cancer (rare types),2010,Females,Tasmania,10,2.9,3.7, ,C44
Incidence,Non-melanoma skin cancer (rare types),2010,Females,Australian Capital Territory,2,n.p.,n.p., ,C44
Incidence,Non-melanoma skin cancer (rare types),2010,Females,Northern Territory,0,0.0,0.0, ,C44
Incidence,Non-melanoma skin cancer (rare types),2010,Females,Australia,265,1.9,2.6, ,C44
Incidence,Non-melanoma skin cancer (rare types),2010,Persons,New South Wales,294,3.6,4.8, ,C44
Incidence,Non-melanoma skin cancer (rare types),2010,Persons,Victoria,82,1.3,1.8, ,C44
Incidence,Non-melanoma skin cancer (rare types),2010,Persons,Queensland,182,4.0,5.4, ,C44
Incidence,Non-melanoma skin cancer (rare types),2010,Persons,Western Australia,80,3.6,4.8, ,C44
Incidence,Non-melanoma skin cancer (rare types),2010,Persons,South Australia,29,1.4,1.9, ,C44
Incidence,Non-melanoma skin cancer (rare types),2010,Persons,Tasmania,22,3.6,4.6, ,C44
Incidence,Non-melanoma skin cancer (rare types),2010,Persons,Australian Capital Territory,6,2.1,2.9, ,C44
Incidence,Non-melanoma skin cancer (rare types),2010,Persons,Northern Territory,1,n.p.,n.p., ,C44
Incidence,Non-melanoma skin cancer (rare types),2010,Persons,Australia,699,2.9,3.8, ,C44
Incidence,Non-melanoma skin cancer (rare types),2011,Males,New South Wales,188,5.0,6.8, ,C44
Incidence,Non-melanoma skin cancer (rare types),2011,Males,Victoria,37,1.4,1.9, ,C44
Incidence,Non-melanoma skin cancer (rare types),2011,Males,Queensland,121,5.7,7.6, ,C44
Incidence,Non-melanoma skin cancer (rare types),2011,Males,Western Australia,58,5.4,7.0, ,C44
Incidence,Non-melanoma skin cancer (rare types),2011,Males,South Australia,30,3.2,4.2, ,C44
Incidence,Non-melanoma skin cancer (rare types),2011,Males,Tasmania,10,3.5,4.6, ,C44
Incidence,Non-melanoma skin cancer (rare types),2011,Males,Australian Capital Territory,4,n.p.,n.p., ,C44
Incidence,Non-melanoma skin cancer (rare types),2011,Males,Northern Territory,1,n.p.,n.p., ,C44
Incidence,Non-melanoma skin cancer (rare types),2011,Males,Australia,450,4.0,5.4, ,C44
Incidence,Non-melanoma skin cancer (rare types),2011,Females,New South Wales,106,2.3,3.0, ,C44
Incidence,Non-melanoma skin cancer (rare types),2011,Females,Victoria,23,0.6,0.8, ,C44
Incidence,Non-melanoma skin cancer (rare types),2011,Females,Queensland,60,2.3,3.1, ,C44
Incidence,Non-melanoma skin cancer (rare types),2011,Females,Western Australia,39,3.2,4.3, ,C44
Incidence,Non-melanoma skin cancer (rare types),2011,Females,South Australia,6,0.5,0.7, ,C44
Incidence,Non-melanoma skin cancer (rare types),2011,Females,Tasmania,2,n.p.,n.p., ,C44
Incidence,Non-melanoma skin cancer (rare types),2011,Females,Australian Capital Territory,2,n.p.,n.p., ,C44
Incidence,Non-melanoma skin cancer (rare types),2011,Females,Northern Territory,0,0.0,0.0, ,C44
Incidence,Non-melanoma skin cancer (rare types),2011,Females,Australia,238,1.7,2.3, ,C44
Incidence,Non-melanoma skin cancer (rare types),2011,Persons,New South Wales,294,3.4,4.6, ,C44
Incidence,Non-melanoma skin cancer (rare types),2011,Persons,Victoria,60,0.9,1.3, ,C44
Incidence,Non-melanoma skin cancer (rare types),2011,Persons,Queensland,181,3.9,5.2, ,C44
Incidence,Non-melanoma skin cancer (rare types),2011,Persons,Western Australia,97,4.2,5.6, ,C44
Incidence,Non-melanoma skin cancer (rare types),2011,Persons,South Australia,36,1.7,2.3, ,C44
Incidence,Non-melanoma skin cancer (rare types),2011,Persons,Tasmania,12,1.9,2.5, ,C44
Incidence,Non-melanoma skin cancer (rare types),2011,Persons,Australian Capital Territory,6,1.9,2.6, ,C44
Incidence,Non-melanoma skin cancer (rare types),2011,Persons,Northern Territory,2,n.p.,n.p., ,C44
Incidence,Non-melanoma skin cancer (rare types),2011,Persons,Australia,688,2.8,3.7, ,C44
Incidence,Non-melanoma skin cancer (rare types),2012,Males,New South Wales,200,5.3,7.1, ,C44
Incidence,Non-melanoma skin cancer (rare types),2012,Males,Victoria,36,1.2,1.6, ,C44
Incidence,Non-melanoma skin cancer (rare types),2012,Males,Queensland,131,6.0,8.2, ,C44
Incidence,Non-melanoma skin cancer (rare types),2012,Males,Western Australia,71,6.5,8.7, ,C44
Incidence,Non-melanoma skin cancer (rare types),2012,Males,South Australia,24,2.5,3.4, ,C44
Incidence,Non-melanoma skin cancer (rare types),2012,Males,Tasmania,11,3.5,4.5, ,C44
Incidence,Non-melanoma skin cancer (rare types),2012,Males,Australian Capital Territory,5,3.3,4.7, ,C44
Incidence,Non-melanoma skin cancer (rare types),2012,Males,Northern Territory,1,n.p.,n.p., ,C44
Incidence,Non-melanoma skin cancer (rare types),2012,Males,Australia,478,4.2,5.6, ,C44
Incidence,Non-melanoma skin cancer (rare types),2012,Females,New South Wales,115,2.3,3.1, ,C44
Incidence,Non-melanoma skin cancer (rare types),2012,Females,Victoria,27,0.7,1.0, ,C44
Incidence,Non-melanoma skin cancer (rare types),2012,Females,Queensland,72,2.7,3.6, ,C44
Incidence,Non-melanoma skin cancer (rare types),2012,Females,Western Australia,47,3.6,4.7, ,C44
Incidence,Non-melanoma skin cancer (rare types),2012,Females,South Australia,13,0.9,1.2, ,C44
Incidence,Non-melanoma skin cancer (rare types),2012,Females,Tasmania,8,2.0,2.8, ,C44
Incidence,Non-melanoma skin cancer (rare types),2012,Females,Australian Capital Territory,2,n.p.,n.p., ,C44
Incidence,Non-melanoma skin cancer (rare types),2012,Females,Northern Territory,1,n.p.,n.p., ,C44
Incidence,Non-melanoma skin cancer (rare types),2012,Females,Australia,285,2.0,2.6, ,C44
Incidence,Non-melanoma skin cancer (rare types),2012,Persons,New South Wales,315,3.6,4.9, ,C44
Incidence,Non-melanoma skin cancer (rare types),2012,Persons,Victoria,63,1.0,1.3, ,C44
Incidence,Non-melanoma skin cancer (rare types),2012,Persons,Queensland,203,4.2,5.7, ,C44
Incidence,Non-melanoma skin cancer (rare types),2012,Persons,Western Australia,118,4.9,6.4, ,C44
Incidence,Non-melanoma skin cancer (rare types),2012,Persons,South Australia,37,1.6,2.2, ,C44
Incidence,Non-melanoma skin cancer (rare types),2012,Persons,Tasmania,19,2.8,3.7, ,C44
Incidence,Non-melanoma skin cancer (rare types),2012,Persons,Australian Capital Territory,7,2.1,2.8, ,C44
Incidence,Non-melanoma skin cancer (rare types),2012,Persons,Northern Territory,2,n.p.,n.p., ,C44
Incidence,Non-melanoma skin cancer (rare types),2012,Persons,Australia,763,3.0,4.0, ,C44
Incidence,Non-melanoma skin cancer (rare types),2013,Males,New South Wales,240,6.1,8.1, ,C44
Incidence,Non-melanoma skin cancer (rare types),2013,Males,Victoria,56,1.9,2.5, ,C44
Incidence,Non-melanoma skin cancer (rare types),2013,Males,Queensland,149,6.7,8.8, ,C44
Incidence,Non-melanoma skin cancer (rare types),2013,Males,Western Australia,87,7.8,10.8, ,C44
Incidence,Non-melanoma skin cancer (rare types),2013,Males,South Australia,23,2.3,3.1, ,C44
Incidence,Non-melanoma skin cancer (rare types),2013,Males,Tasmania,12,3.9,4.9, ,C44
Incidence,Non-melanoma skin cancer (rare types),2013,Males,Australian Capital Territory,5,3.5,4.9, ,C44
Incidence,Non-melanoma skin cancer (rare types),2013,Males,Northern Territory,1,n.p.,n.p., ,C44
Incidence,Non-melanoma skin cancer (rare types),2013,Males,Australia,575,4.9,6.5, ,C44
Incidence,Non-melanoma skin cancer (rare types),2013,Females,New South Wales,116,2.4,3.1, ,C44
Incidence,Non-melanoma skin cancer (rare types),2013,Females,Victoria,29,0.7,1.0, ,C44
Incidence,Non-melanoma skin cancer (rare types),2013,Females,Queensland,72,2.7,3.6, ,C44
Incidence,Non-melanoma skin cancer (rare types),2013,Females,Western Australia,44,3.2,4.3, ,C44
Incidence,Non-melanoma skin cancer (rare types),2013,Females,South Australia,9,0.8,0.9, ,C44
Incidence,Non-melanoma skin cancer (rare types),2013,Females,Tasmania,5,1.4,1.8, ,C44
Incidence,Non-melanoma skin cancer (rare types),2013,Females,Australian Capital Territory,2,n.p.,n.p., ,C44
Incidence,Non-melanoma skin cancer (rare types),2013,Females,Northern Territory,0,0.0,0.0, ,C44
Incidence,Non-melanoma skin cancer (rare types),2013,Females,Australia,275,1.9,2.5, ,C44
Incidence,Non-melanoma skin cancer (rare types),2013,Persons,New South Wales,356,4.0,5.3, ,C44
Incidence,Non-melanoma skin cancer (rare types),2013,Persons,Victoria,85,1.2,1.7, ,C44
Incidence,Non-melanoma skin cancer (rare types),2013,Persons,Queensland,221,4.5,5.9, ,C44
Incidence,Non-melanoma skin cancer (rare types),2013,Persons,Western Australia,131,5.2,7.1, ,C44
Incidence,Non-melanoma skin cancer (rare types),2013,Persons,South Australia,32,1.5,1.9, ,C44
Incidence,Non-melanoma skin cancer (rare types),2013,Persons,Tasmania,17,2.5,3.2, ,C44
Incidence,Non-melanoma skin cancer (rare types),2013,Persons,Australian Capital Territory,7,2.0,2.7, ,C44
Incidence,Non-melanoma skin cancer (rare types),2013,Persons,Northern Territory,2,n.p.,n.p., ,C44
Incidence,Non-melanoma skin cancer (rare types),2013,Persons,Australia,850,3.2,4.3, ,C44
Incidence,Non-melanoma skin cancer (rare types),2014,Males,New South Wales,224,5.5,7.4, ,C44
Incidence,Non-melanoma skin cancer (rare types),2014,Males,Victoria,83,2.7,3.6, ,C44
Incidence,Non-melanoma skin cancer (rare types),2014,Males,Queensland,131,5.6,7.5, ,C44
Incidence,Non-melanoma skin cancer (rare types),2014,Males,Western Australia,77,6.5,8.6, ,C44
Incidence,Non-melanoma skin cancer (rare types),2014,Males,South Australia,27,2.7,3.6, ,C44
Incidence,Non-melanoma skin cancer (rare types),2014,Males,Tasmania,11,3.9,5.0, ,C44
Incidence,Non-melanoma skin cancer (rare types),2014,Males,Australian Capital Territory,5,3.5,4.8, ,C44
Incidence,Non-melanoma skin cancer (rare types),2014,Males,Northern Territory,1,n.p.,n.p., ,C44
Incidence,Non-melanoma skin cancer (rare types),2014,Males,Australia,560,4.6,6.1, ,C44
Incidence,Non-melanoma skin cancer (rare types),2014,Females,New South Wales,117,2.3,3.1, ,C44
Incidence,Non-melanoma skin cancer (rare types),2014,Females,Victoria,38,0.9,1.3, ,C44
Incidence,Non-melanoma skin cancer (rare types),2014,Females,Queensland,74,2.7,3.6, ,C44
Incidence,Non-melanoma skin cancer (rare types),2014,Females,Western Australia,43,3.1,3.9, ,C44
Incidence,Non-melanoma skin cancer (rare types),2014,Females,South Australia,16,1.3,1.7, ,C44
Incidence,Non-melanoma skin cancer (rare types),2014,Females,Tasmania,5,1.4,1.7, ,C44
Incidence,Non-melanoma skin cancer (rare types),2014,Females,Australian Capital Territory,1,n.p.,n.p., ,C44
Incidence,Non-melanoma skin cancer (rare types),2014,Females,Northern Territory,0,0.0,0.0, ,C44
Incidence,Non-melanoma skin cancer (rare types),2014,Females,Australia,294,2.0,2.6, ,C44
Incidence,Non-melanoma skin cancer (rare types),2014,Persons,New South Wales,341,3.8,5.0, ,C44
Incidence,Non-melanoma skin cancer (rare types),2014,Persons,Victoria,121,1.7,2.3, ,C44
Incidence,Non-melanoma skin cancer (rare types),2014,Persons,Queensland,205,4.0,5.3, ,C44
Incidence,Non-melanoma skin cancer (rare types),2014,Persons,Western Australia,120,4.7,6.1, ,C44
Incidence,Non-melanoma skin cancer (rare types),2014,Persons,South Australia,43,1.9,2.5, ,C44
Incidence,Non-melanoma skin cancer (rare types),2014,Persons,Tasmania,16,2.5,3.1, ,C44
Incidence,Non-melanoma skin cancer (rare types),2014,Persons,Australian Capital Territory,7,1.9,2.6, ,C44
Incidence,Non-melanoma skin cancer (rare types),2014,Persons,Northern Territory,2,n.p.,n.p., ,C44
Incidence,Non-melanoma skin cancer (rare types),2014,Persons,Australia,854,3.2,4.2, ,C44
Incidence,Non-melanoma skin cancer (rare types),2015,Males,New South Wales,250,6.0,8.2, ,C44
Incidence,Non-melanoma skin cancer (rare types),2015,Males,Victoria,79,2.5,3.3, ,C44
Incidence,Non-melanoma skin cancer (rare types),2015,Males,Queensland,138,5.7,7.5, ,C44
Incidence,Non-melanoma skin cancer (rare types),2015,Males,Western Australia,82,7.0,9.2, ,C44
Incidence,Non-melanoma skin cancer (rare types),2015,Males,South Australia,30,3.0,3.9, ,C44
Incidence,Non-melanoma skin cancer (rare types),2015,Males,Tasmania,10,3.1,4.3, ,C44
Incidence,Non-melanoma skin cancer (rare types),2015,Males,Australian Capital Territory,5,3.4,4.6, ,C44
Incidence,Non-melanoma skin cancer (rare types),2015,Males,Northern Territory,2,n.p.,n.p., ,C44
Incidence,Non-melanoma skin cancer (rare types),2015,Males,Australia,598,4.8,6.4, ,C44
Incidence,Non-melanoma skin cancer (rare types),2015,Females,New South Wales,137,2.6,3.5, ,C44
Incidence,Non-melanoma skin cancer (rare types),2015,Females,Victoria,39,1.0,1.3, ,C44
Incidence,Non-melanoma skin cancer (rare types),2015,Females,Queensland,83,2.9,3.9, ,C44
Incidence,Non-melanoma skin cancer (rare types),2015,Females,Western Australia,43,2.9,3.9, ,C44
Incidence,Non-melanoma skin cancer (rare types),2015,Females,South Australia,15,0.9,1.3, ,C44
Incidence,Non-melanoma skin cancer (rare types),2015,Females,Tasmania,14,3.7,4.8, ,C44
Incidence,Non-melanoma skin cancer (rare types),2015,Females,Australian Capital Territory,1,n.p.,n.p., ,C44
Incidence,Non-melanoma skin cancer (rare types),2015,Females,Northern Territory,0,0.0,0.0, ,C44
Incidence,Non-melanoma skin cancer (rare types),2015,Females,Australia,333,2.1,2.9, ,C44
Incidence,Non-melanoma skin cancer (rare types),2015,Persons,New South Wales,387,4.1,5.6, ,C44
Incidence,Non-melanoma skin cancer (rare types),2015,Persons,Victoria,118,1.6,2.2, ,C44
Incidence,Non-melanoma skin cancer (rare types),2015,Persons,Queensland,221,4.2,5.6, ,C44
Incidence,Non-melanoma skin cancer (rare types),2015,Persons,Western Australia,125,4.8,6.4, ,C44
Incidence,Non-melanoma skin cancer (rare types),2015,Persons,South Australia,45,1.9,2.5, ,C44
Incidence,Non-melanoma skin cancer (rare types),2015,Persons,Tasmania,24,3.4,4.5, ,C44
Incidence,Non-melanoma skin cancer (rare types),2015,Persons,Australian Capital Territory,7,1.9,2.5, ,C44
Incidence,Non-melanoma skin cancer (rare types),2015,Persons,Northern Territory,2,n.p.,n.p., ,C44
Incidence,Non-melanoma skin cancer (rare types),2015,Persons,Australia,931,3.3,4.5, ,C44
Incidence,Non-melanoma skin cancer (rare types),2016,Males,New South Wales,258,6.0,8.2, ,C44
Incidence,Non-melanoma skin cancer (rare types),2016,Males,Victoria,91,2.8,3.8, ,C44
Incidence,Non-melanoma skin cancer (rare types),2016,Males,Queensland,159,6.3,8.6, ,C44
Incidence,Non-melanoma skin cancer (rare types),2016,Males,Western Australia,71,5.8,7.8, ,C44
Incidence,Non-melanoma skin cancer (rare types),2016,Males,South Australia,38,3.4,4.8, ,C44
Incidence,Non-melanoma skin cancer (rare types),2016,Males,Tasmania,11,3.4,4.4, ,C44
Incidence,Non-melanoma skin cancer (rare types),2016,Males,Australian Capital Territory,6,3.4,4.4, ,C44
Incidence,Non-melanoma skin cancer (rare types),2016,Males,Northern Territory,2,n.p.,n.p., ,C44
Incidence,Non-melanoma skin cancer (rare types),2016,Males,Australia,637,4.9,6.7, ,C44
Incidence,Non-melanoma skin cancer (rare types),2016,Females,New South Wales,144,2.7,3.6, ,C44
Incidence,Non-melanoma skin cancer (rare types),2016,Females,Victoria,47,1.1,1.5, ,C44
Incidence,Non-melanoma skin cancer (rare types),2016,Females,Queensland,76,2.6,3.4, ,C44
Incidence,Non-melanoma skin cancer (rare types),2016,Females,Western Australia,55,3.7,5.0, ,C44
Incidence,Non-melanoma skin cancer (rare types),2016,Females,South Australia,13,1.0,1.2, ,C44
Incidence,Non-melanoma skin cancer (rare types),2016,Females,Tasmania,3,n.p.,n.p., ,C44
Incidence,Non-melanoma skin cancer (rare types),2016,Females,Australian Capital Territory,2,n.p.,n.p., ,C44
Incidence,Non-melanoma skin cancer (rare types),2016,Females,Northern Territory,0,0.0,0.0, ,C44
Incidence,Non-melanoma skin cancer (rare types),2016,Females,Australia,342,2.2,2.9, ,C44
Incidence,Non-melanoma skin cancer (rare types),2016,Persons,New South Wales,402,4.2,5.6, ,C44
Incidence,Non-melanoma skin cancer (rare types),2016,Persons,Victoria,138,1.9,2.5, ,C44
Incidence,Non-melanoma skin cancer (rare types),2016,Persons,Queensland,235,4.3,5.7, ,C44
Incidence,Non-melanoma skin cancer (rare types),2016,Persons,Western Australia,126,4.6,6.2, ,C44
Incidence,Non-melanoma skin cancer (rare types),2016,Persons,South Australia,51,2.0,2.8, ,C44
Incidence,Non-melanoma skin cancer (rare types),2016,Persons,Tasmania,14,2.0,2.6, ,C44
Incidence,Non-melanoma skin cancer (rare types),2016,Persons,Australian Capital Territory,7,2.0,2.6, ,C44
Incidence,Non-melanoma skin cancer (rare types),2016,Persons,Northern Territory,2,n.p.,n.p., ,C44
Incidence,Non-melanoma skin cancer (rare types),2016,Persons,Australia,979,3.4,4.6, ,C44
Incidence,Non-melanoma skin cancer (rare types),2017,Males,New South Wales,298,6.7,9.1, ,C44
Incidence,Non-melanoma skin cancer (rare types),2017,Males,Victoria,150,4.4,6.1, ,C44
Incidence,Non-melanoma skin cancer (rare types),2017,Males,Queensland,165,6.3,8.5, ,C44
Incidence,Non-melanoma skin cancer (rare types),2017,Males,Western Australia,73,5.7,7.8, ,C44
Incidence,Non-melanoma skin cancer (rare types),2017,Males,South Australia,30,2.7,3.7, ,C44
Incidence,Non-melanoma skin cancer (rare types),2017,Males,Tasmania,12,3.6,4.5, ,C44
Incidence,Non-melanoma skin cancer (rare types),2017,Males,Australian Capital Territory,6,3.2,4.3, ,C44
Incidence,Non-melanoma skin cancer (rare types),2017,Males,Northern Territory,3,n.p.,n.p., ,C44
Incidence,Non-melanoma skin cancer (rare types),2017,Males,Australia,736,5.5,7.4, ,C44
Incidence,Non-melanoma skin cancer (rare types),2017,Females,New South Wales,133,2.4,3.3, ,C44
Incidence,Non-melanoma skin cancer (rare types),2017,Females,Victoria,76,1.8,2.4, ,C44
Incidence,Non-melanoma skin cancer (rare types),2017,Females,Queensland,97,3.1,4.2, ,C44
Incidence,Non-melanoma skin cancer (rare types),2017,Females,Western Australia,49,3.1,4.2, ,C44
Incidence,Non-melanoma skin cancer (rare types),2017,Females,South Australia,21,1.5,2.1, ,C44
Incidence,Non-melanoma skin cancer (rare types),2017,Females,Tasmania,9,2.6,3.0, ,C44
Incidence,Non-melanoma skin cancer (rare types),2017,Females,Australian Capital Territory,1,n.p.,n.p., ,C44
Incidence,Non-melanoma skin cancer (rare types),2017,Females,Northern Territory,0,0.0,0.0, ,C44
Incidence,Non-melanoma skin cancer (rare types),2017,Females,Australia,387,2.4,3.2, ,C44
Incidence,Non-melanoma skin cancer (rare types),2017,Persons,New South Wales,431,4.4,5.9, ,C44
Incidence,Non-melanoma skin cancer (rare types),2017,Persons,Victoria,226,3.0,4.0, ,C44
Incidence,Non-melanoma skin cancer (rare types),2017,Persons,Queensland,262,4.6,6.2, ,C44
Incidence,Non-melanoma skin cancer (rare types),2017,Persons,Western Australia,122,4.3,5.8, ,C44
Incidence,Non-melanoma skin cancer (rare types),2017,Persons,South Australia,51,2.1,2.8, ,C44
Incidence,Non-melanoma skin cancer (rare types),2017,Persons,Tasmania,21,3.1,3.8, ,C44
Incidence,Non-melanoma skin cancer (rare types),2017,Persons,Australian Capital Territory,7,1.9,2.5, ,C44
Incidence,Non-melanoma skin cancer (rare types),2017,Persons,Northern Territory,3,n.p.,n.p., ,C44
Incidence,Non-melanoma skin cancer (rare types),2017,Persons,Australia,"1,123",3.8,5.1, ,C44
Incidence,Non-melanoma skin cancer (rare types),2018,Males,New South Wales,278,6.1,8.4, ,C44
Incidence,Non-melanoma skin cancer (rare types),2018,Males,Victoria,94,2.7,3.7, ,C44
Incidence,Non-melanoma skin cancer (rare types),2018,Males,Queensland,148,5.6,7.5, ,C44
Incidence,Non-melanoma skin cancer (rare types),2018,Males,Western Australia,62,4.7,6.5, ,C44
Incidence,Non-melanoma skin cancer (rare types),2018,Males,South Australia,31,2.8,3.7, ,C44
Incidence,Non-melanoma skin cancer (rare types),2018,Males,Tasmania,17,5.0,6.7, ,C44
Incidence,Non-melanoma skin cancer (rare types),2018,Males,Australian Capital Territory,5,2.6,3.5, ,C44
Incidence,Non-melanoma skin cancer (rare types),2018,Males,Northern Territory,2,n.p.,n.p., ,C44
Incidence,Non-melanoma skin cancer (rare types),2018,Males,Australia,634,4.6,6.3, ,C44
Incidence,Non-melanoma skin cancer (rare types),2018,Females,New South Wales,182,3.3,4.4, ,C44
Incidence,Non-melanoma skin cancer (rare types),2018,Females,Victoria,50,1.1,1.5, ,C44
Incidence,Non-melanoma skin cancer (rare types),2018,Females,Queensland,74,2.3,3.1, ,C44
Incidence,Non-melanoma skin cancer (rare types),2018,Females,Western Australia,38,2.5,3.2, ,C44
Incidence,Non-melanoma skin cancer (rare types),2018,Females,South Australia,16,1.2,1.6, ,C44
Incidence,Non-melanoma skin cancer (rare types),2018,Females,Tasmania,7,1.5,2.1, ,C44
Incidence,Non-melanoma skin cancer (rare types),2018,Females,Australian Capital Territory,2,n.p.,n.p., ,C44
Incidence,Non-melanoma skin cancer (rare types),2018,Females,Northern Territory,1,n.p.,n.p., ,C44
Incidence,Non-melanoma skin cancer (rare types),2018,Females,Australia,371,2.2,2.9, ,C44
Incidence,Non-melanoma skin cancer (rare types),2018,Persons,New South Wales,460,4.6,6.1, ,C44
Incidence,Non-melanoma skin cancer (rare types),2018,Persons,Victoria,144,1.8,2.5, ,C44
Incidence,Non-melanoma skin cancer (rare types),2018,Persons,Queensland,222,3.8,5.1, ,C44
Incidence,Non-melanoma skin cancer (rare types),2018,Persons,Western Australia,100,3.5,4.6, ,C44
Incidence,Non-melanoma skin cancer (rare types),2018,Persons,South Australia,47,1.9,2.6, ,C44
Incidence,Non-melanoma skin cancer (rare types),2018,Persons,Tasmania,24,3.0,4.1, ,C44
Incidence,Non-melanoma skin cancer (rare types),2018,Persons,Australian Capital Territory,7,1.7,2.3, ,C44
Incidence,Non-melanoma skin cancer (rare types),2018,Persons,Northern Territory,3,n.p.,n.p., ,C44
Incidence,Non-melanoma skin cancer (rare types),2018,Persons,Australia,"1,005",3.3,4.4, ,C44
Incidence,Non-melanoma skin cancer (rare types),2019,Males,New South Wales,343,7.4,9.9, ,C44
Incidence,Non-melanoma skin cancer (rare types),2019,Males,Victoria,154,4.3,5.8, ,C44
Incidence,Non-melanoma skin cancer (rare types),2019,Males,Queensland,210,7.6,10.3, ,C44
Incidence,Non-melanoma skin cancer (rare types),2019,Males,Western Australia,86,6.1,8.4, ,C44
Incidence,Non-melanoma skin cancer (rare types),2019,Males,South Australia,32,2.7,3.8, ,C44
Incidence,Non-melanoma skin cancer (rare types),2019,Males,Tasmania,15,3.8,5.4, ,C44
Incidence,Non-melanoma skin cancer (rare types),2019,Males,Australian Capital Territory,6,3.0,4.0, ,C44
Incidence,Non-melanoma skin cancer (rare types),2019,Males,Northern Territory,2,n.p.,n.p., ,C44
Incidence,Non-melanoma skin cancer (rare types),2019,Males,Australia,849,6.0,8.1, ,C44
Incidence,Non-melanoma skin cancer (rare types),2019,Females,New South Wales,157,2.8,3.8, ,C44
Incidence,Non-melanoma skin cancer (rare types),2019,Females,Victoria,86,2.0,2.6, ,C44
Incidence,Non-melanoma skin cancer (rare types),2019,Females,Queensland,111,3.4,4.5, ,C44
Incidence,Non-melanoma skin cancer (rare types),2019,Females,Western Australia,43,2.4,3.4, ,C44
Incidence,Non-melanoma skin cancer (rare types),2019,Females,South Australia,13,0.9,1.2, ,C44
Incidence,Non-melanoma skin cancer (rare types),2019,Females,Tasmania,7,1.7,2.3, ,C44
Incidence,Non-melanoma skin cancer (rare types),2019,Females,Australian Capital Territory,2,n.p.,n.p., ,C44
Incidence,Non-melanoma skin cancer (rare types),2019,Females,Northern Territory,1,n.p.,n.p., ,C44
Incidence,Non-melanoma skin cancer (rare types),2019,Females,Australia,420,2.4,3.3, ,C44
Incidence,Non-melanoma skin cancer (rare types),2019,Persons,New South Wales,500,4.9,6.6, ,C44
Incidence,Non-melanoma skin cancer (rare types),2019,Persons,Victoria,240,3.0,4.0, ,C44
Incidence,Non-melanoma skin cancer (rare types),2019,Persons,Queensland,321,5.3,7.1, ,C44
Incidence,Non-melanoma skin cancer (rare types),2019,Persons,Western Australia,129,4.2,5.7, ,C44
Incidence,Non-melanoma skin cancer (rare types),2019,Persons,South Australia,45,1.7,2.3, ,C44
Incidence,Non-melanoma skin cancer (rare types),2019,Persons,Tasmania,22,2.6,3.7, ,C44
Incidence,Non-melanoma skin cancer (rare types),2019,Persons,Australian Capital Territory,8,1.9,2.6, ,C44
Incidence,Non-melanoma skin cancer (rare types),2019,Persons,Northern Territory,3,n.p.,n.p., ,C44
Incidence,Non-melanoma skin cancer (rare types),2019,Persons,Australia,"1,269",4.1,5.4, ,C44